CD Block_Code,Town/Village_Code,Name,Marginal Worker Population Person,Marginal Worker Population Male,Marginal Worker Population Female,Marginal Cultivator Population Person,Marginal Cultivator Population Male,Marginal Cultivator Population Female,Marginal Agriculture Labourers Population Person,Marginal Agriculture Labourers Population Male,Marginal Agriculture Labourers Population Female,Marginal Household Industries Population Person,Marginal Household Industries Population Male,Marginal Household Industries Population Female,Marginal Other Workers Population Person,Marginal Other Workers Population Male,Marginal Other Workers Population Female,Marginal Worker Population 3_6 Person,Marginal Worker Population 3_6 Male,Marginal Worker Population 3_6 Female,Marginal Cultivator Population 3_6 Person,Marginal Cultivator Population 3_6 Male,Marginal Cultivator Population 3_6 Female,Marginal Agriculture Labourers Population 3_6 Person,Marginal Agriculture Labourers Population 3_6 Male,Marginal Agriculture Labourers Population 3_6 Female,Marginal Household Industries Population 3_6 Person,Marginal Household Industries Population 3_6 Male,Marginal Household Industries Population 3-6 Female,Marginal Other Workers Population Person 3_6 Person,Marginal Other Workers Population Person 3_6 Male,Marginal Other Workers Population Person 3_6 Female,Marginal Worker Population 0_3 Person,Marginal Worker Population 0_3 Male,Marginal Worker Population 0_3_Female,Marginal Cultivator Population 0_3 Person,Marginal Cultivator Population 0_3 Male,Marginal Cultivator Population 0_3_Female,Marginal Agriculture Labourers Population 0_3 Person,Marginal Agriculture Labourers Population 0_3 Male,Marginal Agriculture Labourers Population 0_3 Female,Marginal Household Industries Population 0_3 Person,Marginal Household Industries Population 0_3 Male,Marginal Household Industries Population 0_3 Female,Marginal Other Workers Population 0_3 Person,Marginal Other Workers Population 0_3 Male,Marginal Other Workers Population 0_3 Female
0016,042138,Ukhimath,4786,2333,2453,3374,1249,2125,206,148,58,107,69,38,1099,867,232,3679,1784,1895,2586,929,1657,147,97,50,72,47,25,874,711,163,1107,549,558,788,320,468,59,51,8,35,22,13,225,156,69
0016,042054,Garuriya,0,0,0,0,0,0,0,0,0,0,0,0,0,0,0,0,0,0,0,0,0,0,0,0,0,0,0,0,0,0,0,0,0,0,0,0,0,0,0,0,0,0,0,0,0
0016,042055,Ghinurpani,0,0,0,0,0,0,0,0,0,0,0,0,0,0,0,0,0,0,0,0,0,0,0,0,0,0,0,0,0,0,0,0,0,0,0,0,0,0,0,0,0,0,0,0,0
0016,042056,Rambara,0,0,0,0,0,0,0,0,0,0,0,0,0,0,0,0,0,0,0,0,0,0,0,0,0,0,0,0,0,0,0,0,0,0,0,0,0,0,0,0,0,0,0,0,0
0016,042057,Sarana Losan,0,0,0,0,0,0,0,0,0,0,0,0,0,0,0,0,0,0,0,0,0,0,0,0,0,0,0,0,0,0,0,0,0,0,0,0,0,0,0,0,0,0,0,0,0
0016,042058,Gaurikund,2,1,1,2,1,1,0,0,0,0,0,0,0,0,0,2,1,1,2,1,1,0,0,0,0,0,0,0,0,0,0,0,0,0,0,0,0,0,0,0,0,0,0,0,0
0016,042059,Mundkatiya,0,0,0,0,0,0,0,0,0,0,0,0,0,0,0,0,0,0,0,0,0,0,0,0,0,0,0,0,0,0,0,0,0,0,0,0,0,0,0,0,0,0,0,0,0
0016,042060,Tausi,5,5,0,0,0,0,0,0,0,0,0,0,5,5,0,5,5,0,0,0,0,0,0,0,0,0,0,5,5,0,0,0,0,0,0,0,0,0,0,0,0,0,0,0,0
0016,042061,Trijuginarayan,41,24,17,27,13,14,2,1,1,1,0,1,11,10,1,36,21,15,26,12,14,1,1,0,0,0,0,9,8,1,5,3,2,1,1,0,1,0,1,1,0,1,2,2,0
0016,042062,Kongarh,0,0,0,0,0,0,0,0,0,0,0,0,0,0,0,0,0,0,0,0,0,0,0,0,0,0,0,0,0,0,0,0,0,0,0,0,0,0,0,0,0,0,0,0,0
0016,042063,Nyalsu,283,121,162,269,112,157,8,4,4,0,0,0,6,5,1,280,119,161,266,110,156,8,4,4,0,0,0,6,5,1,3,2,1,3,2,1,0,0,0,0,0,0,0,0,0
0016,042064,Sersi,2,1,1,0,0,0,0,0,0,1,0,1,1,1,0,2,1,1,0,0,0,0,0,0,1,0,1,1,1,0,0,0,0,0,0,0,0,0,0,0,0,0,0,0,0
0016,042065,Gair,2,1,1,2,1,1,0,0,0,0,0,0,0,0,0,2,1,1,2,1,1,0,0,0,0,0,0,0,0,0,0,0,0,0,0,0,0,0,0,0,0,0,0,0,0
0016,042066,Barasu,6,2,4,6,2,4,0,0,0,0,0,0,0,0,0,6,2,4,6,2,4,0,0,0,0,0,0,0,0,0,0,0,0,0,0,0,0,0,0,0,0,0,0,0,0
0016,042067,Tarsali,2,1,1,0,0,0,0,0,0,0,0,0,2,1,1,2,1,1,0,0,0,0,0,0,0,0,0,2,1,1,0,0,0,0,0,0,0,0,0,0,0,0,0,0,0
0016,042068,Jamu,20,11,9,14,6,8,2,2,0,0,0,0,4,3,1,12,7,5,6,2,4,2,2,0,0,0,0,4,3,1,8,4,4,8,4,4,0,0,0,0,0,0,0,0,0
0016,042069,Phata,38,20,18,12,5,7,5,3,2,1,1,0,20,11,9,34,17,17,12,5,7,3,2,1,1,1,0,18,9,9,4,3,1,0,0,0,2,1,1,0,0,0,2,2,0
0016,042070,Khat,14,12,2,9,7,2,1,1,0,0,0,0,4,4,0,7,7,0,3,3,0,1,1,0,0,0,0,3,3,0,7,5,2,6,4,2,0,0,0,0,0,0,1,1,0
0016,042071,Dhani,0,0,0,0,0,0,0,0,0,0,0,0,0,0,0,0,0,0,0,0,0,0,0,0,0,0,0,0,0,0,0,0,0,0,0,0,0,0,0,0,0,0,0,0,0
0016,042072,Khariya,3,2,1,1,0,1,0,0,0,0,0,0,2,2,0,3,2,1,1,0,1,0,0,0,0,0,0,2,2,0,0,0,0,0,0,0,0,0,0,0,0,0,0,0,0
0016,042073,Dharwal Gaon,37,13,24,30,6,24,0,0,0,0,0,0,7,7,0,36,12,24,29,5,24,0,0,0,0,0,0,7,7,0,1,1,0,1,1,0,0,0,0,0,0,0,0,0,0
0016,042074,Rabigram,109,42,67,87,21,66,0,0,0,0,0,0,22,21,1,96,36,60,75,16,59,0,0,0,0,0,0,21,20,1,13,6,7,12,5,7,0,0,0,0,0,0,1,1,0
0016,042075,Maikhanda,3,1,2,1,1,0,2,0,2,0,0,0,0,0,0,3,1,2,1,1,0,2,0,2,0,0,0,0,0,0,0,0,0,0,0,0,0,0,0,0,0,0,0,0,0
0016,042076,Byung,0,0,0,0,0,0,0,0,0,0,0,0,0,0,0,0,0,0,0,0,0,0,0,0,0,0,0,0,0,0,0,0,0,0,0,0,0,0,0,0,0,0,0,0,0
0016,042077,Rail,3,2,1,2,1,1,0,0,0,0,0,0,1,1,0,3,2,1,2,1,1,0,0,0,0,0,0,1,1,0,0,0,0,0,0,0,0,0,0,0,0,0,0,0,0
0016,042078,Lolchhara,0,0,0,0,0,0,0,0,0,0,0,0,0,0,0,0,0,0,0,0,0,0,0,0,0,0,0,0,0,0,0,0,0,0,0,0,0,0,0,0,0,0,0,0,0
0016,042079,Jalmalla,48,26,22,26,10,16,1,0,1,4,1,3,17,15,2,18,9,9,11,3,8,0,0,0,0,0,0,7,6,1,30,17,13,15,7,8,1,0,1,4,1,3,10,9,1
0016,042080,Jaltalla,19,17,2,3,2,1,0,0,0,0,0,0,16,15,1,19,17,2,3,2,1,0,0,0,0,0,0,16,15,1,0,0,0,0,0,0,0,0,0,0,0,0,0,0,0
0016,042081,Chaumasi,49,49,0,45,45,0,0,0,0,1,1,0,3,3,0,4,4,0,3,3,0,0,0,0,1,1,0,0,0,0,45,45,0,42,42,0,0,0,0,0,0,0,3,3,0
0016,042082,Chilond,6,3,3,0,0,0,0,0,0,0,0,0,6,3,3,6,3,3,0,0,0,0,0,0,0,0,0,6,3,3,0,0,0,0,0,0,0,0,0,0,0,0,0,0,0
0016,042083,Syansu,32,16,16,32,16,16,0,0,0,0,0,0,0,0,0,32,16,16,32,16,16,0,0,0,0,0,0,0,0,0,0,0,0,0,0,0,0,0,0,0,0,0,0,0,0
0016,042084,Khunnu,117,45,72,114,44,70,0,0,0,1,0,1,2,1,1,117,45,72,114,44,70,0,0,0,1,0,1,2,1,1,0,0,0,0,0,0,0,0,0,0,0,0,0,0,0
0016,042085,Kotma,9,5,4,3,1,2,0,0,0,0,0,0,6,4,2,6,3,3,3,1,2,0,0,0,0,0,0,3,2,1,3,2,1,0,0,0,0,0,0,0,0,0,3,2,1
0016,042086,Kabiltha,6,5,1,1,0,1,0,0,0,0,0,0,5,5,0,6,5,1,1,0,1,0,0,0,0,0,0,5,5,0,0,0,0,0,0,0,0,0,0,0,0,0,0,0,0
0016,042087,Kalimath,8,8,0,2,2,0,0,0,0,0,0,0,6,6,0,8,8,0,2,2,0,0,0,0,0,0,0,6,6,0,0,0,0,0,0,0,0,0,0,0,0,0,0,0,0
0016,042088,Byunkhi,74,35,39,74,35,39,0,0,0,0,0,0,0,0,0,3,3,0,3,3,0,0,0,0,0,0,0,0,0,0,71,32,39,71,32,39,0,0,0,0,0,0,0,0,0
0016,042089,Kunjethi,0,0,0,0,0,0,0,0,0,0,0,0,0,0,0,0,0,0,0,0,0,0,0,0,0,0,0,0,0,0,0,0,0,0,0,0,0,0,0,0,0,0,0,0,0
0016,042090,Thali Laga Kali Math,0,0,0,0,0,0,0,0,0,0,0,0,0,0,0,0,0,0,0,0,0,0,0,0,0,0,0,0,0,0,0,0,0,0,0,0,0,0,0,0,0,0,0,0,0
0016,042091,Jurani,2,2,0,0,0,0,0,0,0,0,0,0,2,2,0,0,0,0,0,0,0,0,0,0,0,0,0,0,0,0,2,2,0,0,0,0,0,0,0,0,0,0,2,2,0
0016,042092,Gwita,0,0,0,0,0,0,0,0,0,0,0,0,0,0,0,0,0,0,0,0,0,0,0,0,0,0,0,0,0,0,0,0,0,0,0,0,0,0,0,0,0,0,0,0,0
0016,042093,Korkhimalli,0,0,0,0,0,0,0,0,0,0,0,0,0,0,0,0,0,0,0,0,0,0,0,0,0,0,0,0,0,0,0,0,0,0,0,0,0,0,0,0,0,0,0,0,0
0016,042094,Korkhitalli,0,0,0,0,0,0,0,0,0,0,0,0,0,0,0,0,0,0,0,0,0,0,0,0,0,0,0,0,0,0,0,0,0,0,0,0,0,0,0,0,0,0,0,0,0
0016,042095,Semkwerala,1,1,0,1,1,0,0,0,0,0,0,0,0,0,0,1,1,0,1,1,0,0,0,0,0,0,0,0,0,0,0,0,0,0,0,0,0,0,0,0,0,0,0,0,0
0016,042096,Tyuri,31,17,14,21,12,9,0,0,0,0,0,0,10,5,5,7,5,2,5,3,2,0,0,0,0,0,0,2,2,0,24,12,12,16,9,7,0,0,0,0,0,0,8,3,5
0016,042097,Khumera,54,42,12,22,12,10,1,0,1,1,1,0,30,29,1,45,37,8,18,12,6,1,0,1,0,0,0,26,25,1,9,5,4,4,0,4,0,0,0,1,1,0,4,4,0
0016,042098,Barasu,219,101,118,143,28,115,0,0,0,2,1,1,74,72,2,219,101,118,143,28,115,0,0,0,2,1,1,74,72,2,0,0,0,0,0,0,0,0,0,0,0,0,0,0,0
0016,042099,Bhetsem,61,54,7,6,4,2,33,32,1,17,14,3,5,4,1,10,6,4,4,2,2,2,1,1,2,2,0,2,1,1,51,48,3,2,2,0,31,31,0,15,12,3,3,3,0
0016,042100,Hyuna,13,9,4,3,1,2,1,0,1,0,0,0,9,8,1,6,3,3,3,1,2,0,0,0,0,0,0,3,2,1,7,6,1,0,0,0,1,0,1,0,0,0,6,6,0
0016,042101,Nala,126,85,41,71,39,32,2,0,2,2,2,0,51,44,7,27,18,9,9,5,4,2,0,2,2,2,0,14,11,3,99,67,32,62,34,28,0,0,0,0,0,0,37,33,4
0016,042102,Kothera,0,0,0,0,0,0,0,0,0,0,0,0,0,0,0,0,0,0,0,0,0,0,0,0,0,0,0,0,0,0,0,0,0,0,0,0,0,0,0,0,0,0,0,0,0
0016,042103,Deosal,2,1,1,0,0,0,0,0,0,0,0,0,2,1,1,2,1,1,0,0,0,0,0,0,0,0,0,2,1,1,0,0,0,0,0,0,0,0,0,0,0,0,0,0,0
0016,042104,Rudrpur,5,3,2,5,3,2,0,0,0,0,0,0,0,0,0,5,3,2,5,3,2,0,0,0,0,0,0,0,0,0,0,0,0,0,0,0,0,0,0,0,0,0,0,0,0
0016,042105,Gadi,32,8,24,32,8,24,0,0,0,0,0,0,0,0,0,15,4,11,15,4,11,0,0,0,0,0,0,0,0,0,17,4,13,17,4,13,0,0,0,0,0,0,0,0,0
0016,042106,Guptkashi,18,13,5,1,0,1,0,0,0,0,0,0,17,13,4,17,12,5,1,0,1,0,0,0,0,0,0,16,12,4,1,1,0,0,0,0,0,0,0,0,0,0,1,1,0
0016,042107,Dewar,5,4,1,3,2,1,0,0,0,0,0,0,2,2,0,5,4,1,3,2,1,0,0,0,0,0,0,2,2,0,0,0,0,0,0,0,0,0,0,0,0,0,0,0,0
0016,042108,Sankari,116,53,63,70,27,43,1,1,0,0,0,0,45,25,20,87,40,47,43,15,28,1,1,0,0,0,0,43,24,19,29,13,16,27,12,15,0,0,0,0,0,0,2,1,1
0016,042109,Bhainsari,64,17,47,59,13,46,2,1,1,0,0,0,3,3,0,29,10,19,26,7,19,0,0,0,0,0,0,3,3,0,35,7,28,33,6,27,2,1,1,0,0,0,0,0,0
0016,042110,Asama,2,0,2,2,0,2,0,0,0,0,0,0,0,0,0,1,0,1,1,0,1,0,0,0,0,0,0,0,0,0,1,0,1,1,0,1,0,0,0,0,0,0,0,0,0
0016,042111,Semtalli,19,9,10,15,6,9,0,0,0,0,0,0,4,3,1,6,3,3,5,2,3,0,0,0,0,0,0,1,1,0,13,6,7,10,4,6,0,0,0,0,0,0,3,2,1
0016,042112,Thaglasi,22,5,17,21,4,17,0,0,0,0,0,0,1,1,0,20,5,15,19,4,15,0,0,0,0,0,0,1,1,0,2,0,2,2,0,2,0,0,0,0,0,0,0,0,0
0016,042113,Dharsemi,5,0,5,4,0,4,0,0,0,0,0,0,1,0,1,5,0,5,4,0,4,0,0,0,0,0,0,1,0,1,0,0,0,0,0,0,0,0,0,0,0,0,0,0,0
0016,042114,Rauchak Chauki,6,5,1,5,4,1,0,0,0,1,1,0,0,0,0,1,1,0,1,1,0,0,0,0,0,0,0,0,0,0,5,4,1,4,3,1,0,0,0,1,1,0,0,0,0
0016,042115,Paundar,2,1,1,2,1,1,0,0,0,0,0,0,0,0,0,2,1,1,2,1,1,0,0,0,0,0,0,0,0,0,0,0,0,0,0,0,0,0,0,0,0,0,0,0,0
0016,042116,Uniyara,47,18,29,8,1,7,0,0,0,2,2,0,37,15,22,43,17,26,6,1,5,0,0,0,1,1,0,36,15,21,4,1,3,2,0,2,0,0,0,1,1,0,1,0,1
0016,042117,Ransi Tarsali,312,116,196,305,111,194,0,0,0,0,0,0,7,5,2,199,95,104,193,91,102,0,0,0,0,0,0,6,4,2,113,21,92,112,20,92,0,0,0,0,0,0,1,1,0
0016,042118,Gaundar,24,12,12,11,6,5,0,0,0,0,0,0,13,6,7,19,11,8,10,6,4,0,0,0,0,0,0,9,5,4,5,1,4,1,0,1,0,0,0,0,0,0,4,1,3
0016,042119,Raulek,59,32,27,50,26,24,4,3,1,1,1,0,4,2,2,51,26,25,43,21,22,3,2,1,1,1,0,4,2,2,8,6,2,7,5,2,1,1,0,0,0,0,0,0,0
0016,042120,Kheti Nadla,28,5,23,26,5,21,1,0,1,0,0,0,1,0,1,26,4,22,24,4,20,1,0,1,0,0,0,1,0,1,2,1,1,2,1,1,0,0,0,0,0,0,0,0,0
0016,042121,Jaggi Bagwan,2,0,2,2,0,2,0,0,0,0,0,0,0,0,0,2,0,2,2,0,2,0,0,0,0,0,0,0,0,0,0,0,0,0,0,0,0,0,0,0,0,0,0,0,0
0016,042122,Bedulaban,1,1,0,0,0,0,0,0,0,0,0,0,1,1,0,1,1,0,0,0,0,0,0,0,0,0,0,1,1,0,0,0,0,0,0,0,0,0,0,0,0,0,0,0,0
0016,042123,Kunjalpur,0,0,0,0,0,0,0,0,0,0,0,0,0,0,0,0,0,0,0,0,0,0,0,0,0,0,0,0,0,0,0,0,0,0,0,0,0,0,0,0,0,0,0,0,0
0016,042124,Mansuna,15,9,6,6,1,5,0,0,0,3,2,1,6,6,0,14,8,6,6,1,5,0,0,0,2,1,1,6,6,0,1,1,0,0,0,0,0,0,0,1,1,0,0,0,0
0016,042125,Jugasuchak Biroli,0,0,0,0,0,0,0,0,0,0,0,0,0,0,0,0,0,0,0,0,0,0,0,0,0,0,0,0,0,0,0,0,0,0,0,0,0,0,0,0,0,0,0,0,0
0016,042126,Biroli,0,0,0,0,0,0,0,0,0,0,0,0,0,0,0,0,0,0,0,0,0,0,0,0,0,0,0,0,0,0,0,0,0,0,0,0,0,0,0,0,0,0,0,0,0
0016,042127,Burua,23,6,17,11,0,11,0,0,0,4,4,0,8,2,6,22,5,17,11,0,11,0,0,0,4,4,0,7,1,6,1,1,0,0,0,0,0,0,0,0,0,0,1,1,0
0016,042128,Madali,0,0,0,0,0,0,0,0,0,0,0,0,0,0,0,0,0,0,0,0,0,0,0,0,0,0,0,0,0,0,0,0,0,0,0,0,0,0,0,0,0,0,0,0,0
0016,042129,Gadagu,218,115,103,186,90,96,0,0,0,1,1,0,31,24,7,153,80,73,123,57,66,0,0,0,1,1,0,29,22,7,65,35,30,63,33,30,0,0,0,0,0,0,2,2,0
0016,042130,Gair,21,13,8,13,6,7,0,0,0,0,0,0,8,7,1,21,13,8,13,6,7,0,0,0,0,0,0,8,7,1,0,0,0,0,0,0,0,0,0,0,0,0,0,0,0
0016,042131,Basti,0,0,0,0,0,0,0,0,0,0,0,0,0,0,0,0,0,0,0,0,0,0,0,0,0,0,0,0,0,0,0,0,0,0,0,0,0,0,0,0,0,0,0,0,0
0016,042132,Giriya,34,27,7,3,1,2,0,0,0,11,11,0,20,15,5,32,27,5,2,1,1,0,0,0,11,11,0,19,15,4,2,0,2,1,0,1,0,0,0,0,0,0,1,0,1
0016,042133,Fanphaj,106,6,100,103,3,100,0,0,0,0,0,0,3,3,0,105,6,99,102,3,99,0,0,0,0,0,0,3,3,0,1,0,1,1,0,1,0,0,0,0,0,0,0,0,0
0016,042134,Saruna,1,1,0,1,1,0,0,0,0,0,0,0,0,0,0,1,1,0,1,1,0,0,0,0,0,0,0,0,0,0,0,0,0,0,0,0,0,0,0,0,0,0,0,0,0
0016,042135,Pali,76,5,71,76,5,71,0,0,0,0,0,0,0,0,0,76,5,71,76,5,71,0,0,0,0,0,0,0,0,0,0,0,0,0,0,0,0,0,0,0,0,0,0,0,0
0016,042136,Chunni,17,8,9,12,4,8,0,0,0,0,0,0,5,4,1,16,7,9,12,4,8,0,0,0,0,0,0,4,3,1,1,1,0,0,0,0,0,0,0,0,0,0,1,1,0
0016,042137,Mangoli,12,8,4,12,8,4,0,0,0,0,0,0,0,0,0,12,8,4,12,8,4,0,0,0,0,0,0,0,0,0,0,0,0,0,0,0,0,0,0,0,0,0,0,0,0
0016,042138,Ukhimath,266,115,151,151,31,120,9,7,2,3,2,1,103,75,28,185,100,85,83,24,59,7,5,2,0,0,0,95,71,24,81,15,66,68,7,61,2,2,0,3,2,1,8,4,4
0016,042139,Dilmi,6,4,2,5,3,2,0,0,0,0,0,0,1,1,0,2,1,1,1,0,1,0,0,0,0,0,0,1,1,0,4,3,1,4,3,1,0,0,0,0,0,0,0,0,0
0016,042140,Sari,130,118,12,9,1,8,0,0,0,1,1,0,120,116,4,115,106,9,7,1,6,0,0,0,1,1,0,107,104,3,15,12,3,2,0,2,0,0,0,0,0,0,13,12,1
0016,042141,Daira,5,5,0,2,2,0,0,0,0,0,0,0,3,3,0,5,5,0,2,2,0,0,0,0,0,0,0,3,3,0,0,0,0,0,0,0,0,0,0,0,0,0,0,0,0
0016,042142,Barangali,17,12,5,10,5,5,0,0,0,0,0,0,7,7,0,11,8,3,5,2,3,0,0,0,0,0,0,6,6,0,6,4,2,5,3,2,0,0,0,0,0,0,1,1,0
0016,042143,Karokhi,7,5,2,3,3,0,0,0,0,0,0,0,4,2,2,7,5,2,3,3,0,0,0,0,0,0,0,4,2,2,0,0,0,0,0,0,0,0,0,0,0,0,0,0,0
0016,042144,Kantha,3,3,0,3,3,0,0,0,0,0,0,0,0,0,0,3,3,0,3,3,0,0,0,0,0,0,0,0,0,0,0,0,0,0,0,0,0,0,0,0,0,0,0,0,0
0016,042145,Painj,25,25,0,3,3,0,0,0,0,4,4,0,18,18,0,24,24,0,3,3,0,0,0,0,3,3,0,18,18,0,1,1,0,0,0,0,0,0,0,1,1,0,0,0,0
0016,042146,Bhatwari,20,13,7,9,6,3,0,0,0,1,0,1,10,7,3,20,13,7,9,6,3,0,0,0,1,0,1,10,7,3,0,0,0,0,0,0,0,0,0,0,0,0,0,0,0
0016,042147,Sansari,4,3,1,0,0,0,0,0,0,0,0,0,4,3,1,3,2,1,0,0,0,0,0,0,0,0,0,3,2,1,1,1,0,0,0,0,0,0,0,0,0,0,1,1,0
0016,042148,Kimana,4,2,2,4,2,2,0,0,0,0,0,0,0,0,0,1,1,0,1,1,0,0,0,0,0,0,0,0,0,0,3,1,2,3,1,2,0,0,0,0,0,0,0,0,0
0016,042149,Raudu,0,0,0,0,0,0,0,0,0,0,0,0,0,0,0,0,0,0,0,0,0,0,0,0,0,0,0,0,0,0,0,0,0,0,0,0,0,0,0,0,0,0,0,0,0
0016,042150,Gundagwar,6,4,2,6,4,2,0,0,0,0,0,0,0,0,0,3,1,2,3,1,2,0,0,0,0,0,0,0,0,0,3,3,0,3,3,0,0,0,0,0,0,0,0,0,0
0016,042151,Kanda,33,22,11,28,19,9,0,0,0,0,0,0,5,3,2,24,17,7,20,14,6,0,0,0,0,0,0,4,3,1,9,5,4,8,5,3,0,0,0,0,0,0,1,0,1
0016,042152,Huddu,146,34,112,138,27,111,0,0,0,7,7,0,1,0,1,128,31,97,120,24,96,0,0,0,7,7,0,1,0,1,18,3,15,18,3,15,0,0,0,0,0,0,0,0,0
0016,042153,Ushara,32,15,17,25,8,17,0,0,0,0,0,0,7,7,0,31,14,17,24,7,17,0,0,0,0,0,0,7,7,0,1,1,0,1,1,0,0,0,0,0,0,0,0,0,0
0016,042154,Bhankund,0,0,0,0,0,0,0,0,0,0,0,0,0,0,0,0,0,0,0,0,0,0,0,0,0,0,0,0,0,0,0,0,0,0,0,0,0,0,0,0,0,0,0,0,0
0016,042155,Pothiwasa,0,0,0,0,0,0,0,0,0,0,0,0,0,0,0,0,0,0,0,0,0,0,0,0,0,0,0,0,0,0,0,0,0,0,0,0,0,0,0,0,0,0,0,0,0
0016,042156,Tungnath,0,0,0,0,0,0,0,0,0,0,0,0,0,0,0,0,0,0,0,0,0,0,0,0,0,0,0,0,0,0,0,0,0,0,0,0,0,0,0,0,0,0,0,0,0
0016,042157,Chopta,0,0,0,0,0,0,0,0,0,0,0,0,0,0,0,0,0,0,0,0,0,0,0,0,0,0,0,0,0,0,0,0,0,0,0,0,0,0,0,0,0,0,0,0,0
0016,042158,Baniyakund,0,0,0,0,0,0,0,0,0,0,0,0,0,0,0,0,0,0,0,0,0,0,0,0,0,0,0,0,0,0,0,0,0,0,0,0,0,0,0,0,0,0,0,0,0
0016,042159,Dogalbhita,0,0,0,0,0,0,0,0,0,0,0,0,0,0,0,0,0,0,0,0,0,0,0,0,0,0,0,0,0,0,0,0,0,0,0,0,0,0,0,0,0,0,0,0,0
0016,042160,Gujargwar,9,9,0,0,0,0,2,2,0,0,0,0,7,7,0,2,2,0,0,0,0,0,0,0,0,0,0,2,2,0,7,7,0,0,0,0,2,2,0,0,0,0,5,5,0
0016,042161,Dilangwar,15,15,0,0,0,0,0,0,0,0,0,0,15,15,0,2,2,0,0,0,0,0,0,0,0,0,0,2,2,0,13,13,0,0,0,0,0,0,0,0,0,0,13,13,0
0016,042162,Makku,102,80,22,82,67,15,1,1,0,1,1,0,18,11,7,78,62,16,65,53,12,1,1,0,1,1,0,11,7,4,24,18,6,17,14,3,0,0,0,0,0,0,7,4,3
0016,042163,Silgoth,0,0,0,0,0,0,0,0,0,0,0,0,0,0,0,0,0,0,0,0,0,0,0,0,0,0,0,0,0,0,0,0,0,0,0,0,0,0,0,0,0,0,0,0,0
0016,042164,Semar,12,4,8,0,0,0,0,0,0,1,0,1,11,4,7,2,1,1,0,0,0,0,0,0,1,0,1,1,1,0,10,3,7,0,0,0,0,0,0,0,0,0,10,3,7
0016,042165,Dungar semala,47,33,14,10,5,5,5,4,1,0,0,0,32,24,8,32,24,8,9,4,5,3,2,1,0,0,0,20,18,2,15,9,6,1,1,0,2,2,0,0,0,0,12,6,6
0016,042166,Pathali,220,87,133,207,75,132,0,0,0,0,0,0,13,12,1,215,85,130,203,74,129,0,0,0,0,0,0,12,11,1,5,2,3,4,1,3,0,0,0,0,0,0,1,1,0
0016,042167,Kundaliya,37,13,24,30,6,24,0,0,0,0,0,0,7,7,0,37,13,24,30,6,24,0,0,0,0,0,0,7,7,0,0,0,0,0,0,0,0,0,0,0,0,0,0,0,0
0016,042168,Garwali,32,11,21,27,6,21,0,0,0,0,0,0,5,5,0,32,11,21,27,6,21,0,0,0,0,0,0,5,5,0,0,0,0,0,0,0,0,0,0,0,0,0,0,0,0
0016,042169,Chinagwar,1,1,0,0,0,0,0,0,0,0,0,0,1,1,0,0,0,0,0,0,0,0,0,0,0,0,0,0,0,0,1,1,0,0,0,0,0,0,0,0,0,0,1,1,0
0016,042170,Bhingi,1,1,0,0,0,0,0,0,0,0,0,0,1,1,0,1,1,0,0,0,0,0,0,0,0,0,0,1,1,0,0,0,0,0,0,0,0,0,0,0,0,0,0,0,0
0016,042171,Lakshman Gwar,1,1,0,1,1,0,0,0,0,0,0,0,0,0,0,1,1,0,1,1,0,0,0,0,0,0,0,0,0,0,0,0,0,0,0,0,0,0,0,0,0,0,0,0,0
0016,042172,Tankila,10,7,3,2,1,1,1,1,0,0,0,0,7,5,2,9,7,2,2,1,1,1,1,0,0,0,0,6,5,1,1,0,1,0,0,0,0,0,0,0,0,0,1,0,1
0016,042173,Parkandi,125,56,69,107,41,66,1,1,0,2,2,0,15,12,3,33,18,15,16,3,13,1,1,0,2,2,0,14,12,2,92,38,54,91,38,53,0,0,0,0,0,0,1,0,1
0016,042174,Giwari Gaon,12,8,4,2,1,1,0,0,0,0,0,0,10,7,3,12,8,4,2,1,1,0,0,0,0,0,0,10,7,3,0,0,0,0,0,0,0,0,0,0,0,0,0,0,0
0016,042175,Kyark,21,5,16,0,0,0,0,0,0,0,0,0,21,5,16,3,3,0,0,0,0,0,0,0,0,0,0,3,3,0,18,2,16,0,0,0,0,0,0,0,0,0,18,2,16
0016,042176,Kuher,7,5,2,0,0,0,0,0,0,0,0,0,7,5,2,0,0,0,0,0,0,0,0,0,0,0,0,0,0,0,7,5,2,0,0,0,0,0,0,0,0,0,7,5,2
0016,042177,Pailing,22,8,14,16,3,13,0,0,0,0,0,0,6,5,1,14,8,6,9,3,6,0,0,0,0,0,0,5,5,0,8,0,8,7,0,7,0,0,0,0,0,0,1,0,1
0016,042178,Uthind,147,48,99,138,42,96,1,1,0,0,0,0,8,5,3,145,46,99,137,41,96,1,1,0,0,0,0,7,4,3,2,2,0,1,1,0,0,0,0,0,0,0,1,1,0
0016,042179,Kail,51,21,30,47,19,28,0,0,0,3,1,2,1,1,0,51,21,30,47,19,28,0,0,0,3,1,2,1,1,0,0,0,0,0,0,0,0,0,0,0,0,0,0,0,0
0016,042180,Jagpura,102,46,56,96,44,52,6,2,4,0,0,0,0,0,0,101,46,55,95,44,51,6,2,4,0,0,0,0,0,0,1,0,1,1,0,1,0,0,0,0,0,0,0,0,0
0016,042181,Paw,4,4,0,2,2,0,1,1,0,0,0,0,1,1,0,0,0,0,0,0,0,0,0,0,0,0,0,0,0,0,4,4,0,2,2,0,1,1,0,0,0,0,1,1,0
0016,042182,Kirmoriya,0,0,0,0,0,0,0,0,0,0,0,0,0,0,0,0,0,0,0,0,0,0,0,0,0,0,0,0,0,0,0,0,0,0,0,0,0,0,0,0,0,0,0,0,0
0016,042183,Jamalok ,0,0,0,0,0,0,0,0,0,0,0,0,0,0,0,0,0,0,0,0,0,0,0,0,0,0,0,0,0,0,0,0,0,0,0,0,0,0,0,0,0,0,0,0,0
0016,042184,Khal,0,0,0,0,0,0,0,0,0,0,0,0,0,0,0,0,0,0,0,0,0,0,0,0,0,0,0,0,0,0,0,0,0,0,0,0,0,0,0,0,0,0,0,0,0
0016,042185,Lwara,139,96,43,21,10,11,95,73,22,3,1,2,20,12,8,116,82,34,17,9,8,83,63,20,2,1,1,14,9,5,23,14,9,4,1,3,12,10,2,1,0,1,6,3,3
0016,042186,Dewagana,30,9,21,0,0,0,3,1,2,22,4,18,5,4,1,25,8,17,0,0,0,3,1,2,18,3,15,4,4,0,5,1,4,0,0,0,0,0,0,4,1,3,1,0,1
0016,042187,Salya,62,27,35,34,6,28,1,0,1,4,3,1,23,18,5,29,13,16,17,3,14,0,0,0,2,2,0,10,8,2,33,14,19,17,3,14,1,0,1,2,1,1,13,10,3
0016,042188,Khera,50,27,23,49,26,23,1,1,0,0,0,0,0,0,0,50,27,23,49,26,23,1,1,0,0,0,0,0,0,0,0,0,0,0,0,0,0,0,0,0,0,0,0,0,0
0016,042189,Tulanga,9,7,2,4,3,1,0,0,0,0,0,0,5,4,1,6,5,1,3,2,1,0,0,0,0,0,0,3,3,0,3,2,1,1,1,0,0,0,0,0,0,0,2,1,1
0016,042190,Chaundi,7,3,4,5,2,3,0,0,0,1,0,1,1,1,0,5,2,3,3,1,2,0,0,0,1,0,1,1,1,0,2,1,1,2,1,1,0,0,0,0,0,0,0,0,0
0016,042191,Lwani,16,8,8,2,2,0,7,0,7,0,0,0,7,6,1,16,8,8,2,2,0,7,0,7,0,0,0,7,6,1,0,0,0,0,0,0,0,0,0,0,0,0,0,0,0
0016,042192,Andrawahi,24,11,13,16,4,12,2,2,0,0,0,0,6,5,1,24,11,13,16,4,12,2,2,0,0,0,0,6,5,1,0,0,0,0,0,0,0,0,0,0,0,0,0,0,0
0016,042193,Singoli,0,0,0,0,0,0,0,0,0,0,0,0,0,0,0,0,0,0,0,0,0,0,0,0,0,0,0,0,0,0,0,0,0,0,0,0,0,0,0,0,0,0,0,0,0
0016,042194,Namoli,2,2,0,0,0,0,0,0,0,0,0,0,2,2,0,2,2,0,0,0,0,0,0,0,0,0,0,2,2,0,0,0,0,0,0,0,0,0,0,0,0,0,0,0,0
0016,042195,Akardhar,1,0,1,1,0,1,0,0,0,0,0,0,0,0,0,0,0,0,0,0,0,0,0,0,0,0,0,0,0,0,1,0,1,1,0,1,0,0,0,0,0,0,0,0,0
0016,042196,Lamgondi,15,12,3,3,1,2,1,0,1,0,0,0,11,11,0,14,12,2,2,1,1,1,0,1,0,0,0,11,11,0,1,0,1,1,0,1,0,0,0,0,0,0,0,0,0
0016,042197,Phali Phasalat,9,7,2,2,0,2,3,3,0,0,0,0,4,4,0,8,6,2,2,0,2,3,3,0,0,0,0,3,3,0,1,1,0,0,0,0,0,0,0,0,0,0,1,1,0
0016,042198,Dewali Bhanigram,1,1,0,1,1,0,0,0,0,0,0,0,0,0,0,1,1,0,1,1,0,0,0,0,0,0,0,0,0,0,0,0,0,0,0,0,0,0,0,0,0,0,0,0,0
0017,000000,Augustmuni,18171,7546,10625,14221,4865,9356,881,458,423,401,234,167,2668,1989,679,14043,5884,8159,10842,3677,7165,671,349,322,338,190,148,2192,1668,524,4128,1662,2466,3379,1188,2191,210,109,101,63,44,19,476,321,155
0017,000000,Augustmuni,18171,7546,10625,14221,4865,9356,881,458,423,401,234,167,2668,1989,679,14043,5884,8159,10842,3677,7165,671,349,322,338,190,148,2192,1668,524,4128,1662,2466,3379,1188,2191,210,109,101,63,44,19,476,321,155
0017,000000,Augustmuni,0,0,0,0,0,0,0,0,0,0,0,0,0,0,0,0,0,0,0,0,0,0,0,0,0,0,0,0,0,0,0,0,0,0,0,0,0,0,0,0,0,0,0,0,0
0017,042199,Patiyaun,155,59,96,149,55,94,2,1,1,2,1,1,2,2,0,155,59,96,149,55,94,2,1,1,2,1,1,2,2,0,0,0,0,0,0,0,0,0,0,0,0,0,0,0,0
0017,042200,Bareth,45,21,24,34,11,23,2,1,1,0,0,0,9,9,0,30,15,15,20,6,14,2,1,1,0,0,0,8,8,0,15,6,9,14,5,9,0,0,0,0,0,0,1,1,0
0017,042201,Jaula,12,10,2,2,0,2,0,0,0,0,0,0,10,10,0,12,10,2,2,0,2,0,0,0,0,0,0,10,10,0,0,0,0,0,0,0,0,0,0,0,0,0,0,0,0
0017,042202,Tal Jamana,9,3,6,3,1,2,2,1,1,2,0,2,2,1,1,9,3,6,3,1,2,2,1,1,2,0,2,2,1,1,0,0,0,0,0,0,0,0,0,0,0,0,0,0,0
0017,042203,Paula Kundalia,27,27,0,10,10,0,0,0,0,1,1,0,16,16,0,17,17,0,10,10,0,0,0,0,1,1,0,6,6,0,10,10,0,0,0,0,0,0,0,0,0,0,10,10,0
0017,042204,Himola,0,0,0,0,0,0,0,0,0,0,0,0,0,0,0,0,0,0,0,0,0,0,0,0,0,0,0,0,0,0,0,0,0,0,0,0,0,0,0,0,0,0,0,0,0
0017,042205,Brambari,64,30,34,64,30,34,0,0,0,0,0,0,0,0,0,3,1,2,3,1,2,0,0,0,0,0,0,0,0,0,61,29,32,61,29,32,0,0,0,0,0,0,0,0,0
0017,042206,Temariapalla,23,14,9,11,4,7,0,0,0,0,0,0,12,10,2,23,14,9,11,4,7,0,0,0,0,0,0,12,10,2,0,0,0,0,0,0,0,0,0,0,0,0,0,0,0
0017,042207,Tat Laga Phegu,14,6,8,14,6,8,0,0,0,0,0,0,0,0,0,14,6,8,14,6,8,0,0,0,0,0,0,0,0,0,0,0,0,0,0,0,0,0,0,0,0,0,0,0,0
0017,042208,Phegu,5,4,1,1,0,1,0,0,0,0,0,0,4,4,0,5,4,1,1,0,1,0,0,0,0,0,0,4,4,0,0,0,0,0,0,0,0,0,0,0,0,0,0,0,0
0017,042209,Nag Jagayi,109,85,24,38,19,19,5,2,3,1,1,0,65,63,2,59,43,16,27,13,14,3,2,1,0,0,0,29,28,1,50,42,8,11,6,5,2,0,2,1,1,0,36,35,1
0017,042210,Tinsoli,169,61,108,133,45,88,8,2,6,4,2,2,24,12,12,156,57,99,129,44,85,8,2,6,3,1,2,16,10,6,13,4,9,4,1,3,0,0,0,1,1,0,8,2,6
0017,042211,Bhatwari,75,34,41,65,29,36,5,1,4,0,0,0,5,4,1,71,33,38,61,28,33,5,1,4,0,0,0,5,4,1,4,1,3,4,1,3,0,0,0,0,0,0,0,0,0
0017,042212,Dungar,41,19,22,34,12,22,0,0,0,0,0,0,7,7,0,25,10,15,18,3,15,0,0,0,0,0,0,7,7,0,16,9,7,16,9,7,0,0,0,0,0,0,0,0,0
0017,042213,Ghatbagar,0,0,0,0,0,0,0,0,0,0,0,0,0,0,0,0,0,0,0,0,0,0,0,0,0,0,0,0,0,0,0,0,0,0,0,0,0,0,0,0,0,0,0,0,0
0017,042214,Basti,264,135,129,74,36,38,13,5,8,122,54,68,55,40,15,248,130,118,74,36,38,6,3,3,113,51,62,55,40,15,16,5,11,0,0,0,7,2,5,9,3,6,0,0,0
0017,042215,Damar,9,9,0,0,0,0,0,0,0,0,0,0,9,9,0,9,9,0,0,0,0,0,0,0,0,0,0,9,9,0,0,0,0,0,0,0,0,0,0,0,0,0,0,0,0
0017,042216,Temariyawala,35,12,23,35,12,23,0,0,0,0,0,0,0,0,0,35,12,23,35,12,23,0,0,0,0,0,0,0,0,0,0,0,0,0,0,0,0,0,0,0,0,0,0,0,0
0017,042217,Jalai Sursal,177,89,88,127,48,79,0,0,0,0,0,0,50,41,9,176,89,87,126,48,78,0,0,0,0,0,0,50,41,9,1,0,1,1,0,1,0,0,0,0,0,0,0,0,0
0017,042218,Auring,3,3,0,0,0,0,0,0,0,0,0,0,3,3,0,2,2,0,0,0,0,0,0,0,0,0,0,2,2,0,1,1,0,0,0,0,0,0,0,0,0,0,1,1,0
0017,042219,Bhiri,101,22,79,77,13,64,15,6,9,4,2,2,5,1,4,99,21,78,76,12,64,14,6,8,4,2,2,5,1,4,2,1,1,1,1,0,1,0,1,0,0,0,0,0,0
0017,042220,Nagarsal,0,0,0,0,0,0,0,0,0,0,0,0,0,0,0,0,0,0,0,0,0,0,0,0,0,0,0,0,0,0,0,0,0,0,0,0,0,0,0,0,0,0,0,0,0
0017,042221,Birondewal,27,22,5,8,5,3,14,13,1,2,2,0,3,2,1,22,19,3,7,5,2,11,11,0,1,1,0,3,2,1,5,3,2,1,0,1,3,2,1,1,1,0,0,0,0
0017,042222,Gair,78,30,48,74,26,48,3,3,0,0,0,0,1,1,0,36,14,22,32,10,22,3,3,0,0,0,0,1,1,0,42,16,26,42,16,26,0,0,0,0,0,0,0,0,0
0017,042223,Kandara,308,133,175,251,94,157,40,31,9,11,3,8,6,5,1,75,31,44,55,18,37,10,9,1,6,1,5,4,3,1,233,102,131,196,76,120,30,22,8,5,2,3,2,2,0
0017,042224,Raigu,5,1,4,5,1,4,0,0,0,0,0,0,0,0,0,4,1,3,4,1,3,0,0,0,0,0,0,0,0,0,1,0,1,1,0,1,0,0,0,0,0,0,0,0,0
0017,042225,Kanyas,6,3,3,6,3,3,0,0,0,0,0,0,0,0,0,5,3,2,5,3,2,0,0,0,0,0,0,0,0,0,1,0,1,1,0,1,0,0,0,0,0,0,0,0,0
0017,042226,Daula,22,12,10,21,11,10,0,0,0,1,1,0,0,0,0,22,12,10,21,11,10,0,0,0,1,1,0,0,0,0,0,0,0,0,0,0,0,0,0,0,0,0,0,0,0
0017,042227,Jaikhanda,1,1,0,0,0,0,0,0,0,0,0,0,1,1,0,1,1,0,0,0,0,0,0,0,0,0,0,1,1,0,0,0,0,0,0,0,0,0,0,0,0,0,0,0,0
0017,042228,Akhauri,40,12,28,38,10,28,0,0,0,1,1,0,1,1,0,18,3,15,17,2,15,0,0,0,1,1,0,0,0,0,22,9,13,21,8,13,0,0,0,0,0,0,1,1,0
0017,042229,Sena garhsari,1,1,0,1,1,0,0,0,0,0,0,0,0,0,0,1,1,0,1,1,0,0,0,0,0,0,0,0,0,0,0,0,0,0,0,0,0,0,0,0,0,0,0,0,0
0017,042230,Balsundi,2,0,2,2,0,2,0,0,0,0,0,0,0,0,0,2,0,2,2,0,2,0,0,0,0,0,0,0,0,0,0,0,0,0,0,0,0,0,0,0,0,0,0,0,0
0017,042231,Karnsili,12,9,3,8,5,3,0,0,0,0,0,0,4,4,0,12,9,3,8,5,3,0,0,0,0,0,0,4,4,0,0,0,0,0,0,0,0,0,0,0,0,0,0,0,0
0017,042232,Kyunja,62,33,29,52,25,27,1,0,1,9,8,1,0,0,0,60,31,29,51,24,27,1,0,1,8,7,1,0,0,0,2,2,0,1,1,0,0,0,0,1,1,0,0,0,0
0017,042233,Ajaipur,0,0,0,0,0,0,0,0,0,0,0,0,0,0,0,0,0,0,0,0,0,0,0,0,0,0,0,0,0,0,0,0,0,0,0,0,0,0,0,0,0,0,0,0,0
0017,042234,Asondadian,2,0,2,2,0,2,0,0,0,0,0,0,0,0,0,2,0,2,2,0,2,0,0,0,0,0,0,0,0,0,0,0,0,0,0,0,0,0,0,0,0,0,0,0,0
0017,042235,Sera,0,0,0,0,0,0,0,0,0,0,0,0,0,0,0,0,0,0,0,0,0,0,0,0,0,0,0,0,0,0,0,0,0,0,0,0,0,0,0,0,0,0,0,0,0
0017,042236,Kunjethi,0,0,0,0,0,0,0,0,0,0,0,0,0,0,0,0,0,0,0,0,0,0,0,0,0,0,0,0,0,0,0,0,0,0,0,0,0,0,0,0,0,0,0,0,0
0017,042237,Jaykandi,0,0,0,0,0,0,0,0,0,0,0,0,0,0,0,0,0,0,0,0,0,0,0,0,0,0,0,0,0,0,0,0,0,0,0,0,0,0,0,0,0,0,0,0,0
0017,042238,Mundasu,0,0,0,0,0,0,0,0,0,0,0,0,0,0,0,0,0,0,0,0,0,0,0,0,0,0,0,0,0,0,0,0,0,0,0,0,0,0,0,0,0,0,0,0,0
0017,042239,Sena Chak Chhara,0,0,0,0,0,0,0,0,0,0,0,0,0,0,0,0,0,0,0,0,0,0,0,0,0,0,0,0,0,0,0,0,0,0,0,0,0,0,0,0,0,0,0,0,0
0017,042240,Bhanaj Gwar,4,4,0,1,1,0,3,3,0,0,0,0,0,0,0,2,2,0,1,1,0,1,1,0,0,0,0,0,0,0,2,2,0,0,0,0,2,2,0,0,0,0,0,0,0
0017,042241,Machkandi,107,20,87,78,6,72,13,4,9,14,9,5,2,1,1,98,14,84,77,6,71,13,4,9,8,4,4,0,0,0,9,6,3,1,0,1,0,0,0,6,5,1,2,1,1
0017,042242,Jawari,45,20,25,43,18,25,0,0,0,0,0,0,2,2,0,44,20,24,42,18,24,0,0,0,0,0,0,2,2,0,1,0,1,1,0,1,0,0,0,0,0,0,0,0,0
0017,042243,Kandi,48,20,28,46,20,26,2,0,2,0,0,0,0,0,0,42,20,22,40,20,20,2,0,2,0,0,0,0,0,0,6,0,6,6,0,6,0,0,0,0,0,0,0,0,0
0017,042244,Tewri,40,30,10,37,28,9,0,0,0,0,0,0,3,2,1,40,30,10,37,28,9,0,0,0,0,0,0,3,2,1,0,0,0,0,0,0,0,0,0,0,0,0,0,0,0
0017,042245,Kalai,0,0,0,0,0,0,0,0,0,0,0,0,0,0,0,0,0,0,0,0,0,0,0,0,0,0,0,0,0,0,0,0,0,0,0,0,0,0,0,0,0,0,0,0,0
0017,042246,Kontha,4,2,2,1,0,1,0,0,0,0,0,0,3,2,1,4,2,2,1,0,1,0,0,0,0,0,0,3,2,1,0,0,0,0,0,0,0,0,0,0,0,0,0,0,0
0017,042247,Kera Malla,4,3,1,1,1,0,0,0,0,0,0,0,3,2,1,3,2,1,1,1,0,0,0,0,0,0,0,2,1,1,1,1,0,0,0,0,0,0,0,0,0,0,1,1,0
0017,042248,Kera Talla,1,0,1,0,0,0,1,0,1,0,0,0,0,0,0,1,0,1,0,0,0,1,0,1,0,0,0,0,0,0,0,0,0,0,0,0,0,0,0,0,0,0,0,0,0
0017,042249,Dungri,1,1,0,0,0,0,0,0,0,0,0,0,1,1,0,1,1,0,0,0,0,0,0,0,0,0,0,1,1,0,0,0,0,0,0,0,0,0,0,0,0,0,0,0,0
0017,042250,Moli,1,1,0,1,1,0,0,0,0,0,0,0,0,0,0,1,1,0,1,1,0,0,0,0,0,0,0,0,0,0,0,0,0,0,0,0,0,0,0,0,0,0,0,0,0
0017,042251,Baraw Talla,1,1,0,0,0,0,0,0,0,0,0,0,1,1,0,0,0,0,0,0,0,0,0,0,0,0,0,0,0,0,1,1,0,0,0,0,0,0,0,0,0,0,1,1,0
0017,042252,Baraw Bichalla,5,4,1,1,1,0,0,0,0,0,0,0,4,3,1,4,4,0,1,1,0,0,0,0,0,0,0,3,3,0,1,0,1,0,0,0,0,0,0,0,0,0,1,0,1
0017,042253,Baraw Malla,0,0,0,0,0,0,0,0,0,0,0,0,0,0,0,0,0,0,0,0,0,0,0,0,0,0,0,0,0,0,0,0,0,0,0,0,0,0,0,0,0,0,0,0,0
0017,042254,Kinjani,57,35,22,55,34,21,1,0,1,0,0,0,1,1,0,41,30,11,40,29,11,0,0,0,0,0,0,1,1,0,16,5,11,15,5,10,1,0,1,0,0,0,0,0,0
0017,042255,Kyark Barsuri,50,16,34,39,11,28,3,1,2,1,0,1,7,4,3,49,16,33,38,11,27,3,1,2,1,0,1,7,4,3,1,0,1,1,0,1,0,0,0,0,0,0,0,0,0
0017,042256,Naini Pondar,9,5,4,4,1,3,0,0,0,2,1,1,3,3,0,7,4,3,3,1,2,0,0,0,2,1,1,2,2,0,2,1,1,1,0,1,0,0,0,0,0,0,1,1,0
0017,042257,Sangur,0,0,0,0,0,0,0,0,0,0,0,0,0,0,0,0,0,0,0,0,0,0,0,0,0,0,0,0,0,0,0,0,0,0,0,0,0,0,0,0,0,0,0,0,0
0017,042258,Pali,1,1,0,0,0,0,0,0,0,1,1,0,0,0,0,1,1,0,0,0,0,0,0,0,1,1,0,0,0,0,0,0,0,0,0,0,0,0,0,0,0,0,0,0,0
0017,042259,Ryasun,6,4,2,6,4,2,0,0,0,0,0,0,0,0,0,6,4,2,6,4,2,0,0,0,0,0,0,0,0,0,0,0,0,0,0,0,0,0,0,0,0,0,0,0,0
0017,042260,Dalsingi,85,43,42,62,30,32,9,4,5,1,0,1,13,9,4,75,36,39,57,26,31,6,2,4,1,0,1,11,8,3,10,7,3,5,4,1,3,2,1,0,0,0,2,1,1
0017,042261,Korl(Kaushalpur),179,76,103,167,64,103,1,1,0,0,0,0,11,11,0,149,66,83,137,54,83,1,1,0,0,0,0,11,11,0,30,10,20,30,10,20,0,0,0,0,0,0,0,0,0
0017,042262,Kund,0,0,0,0,0,0,0,0,0,0,0,0,0,0,0,0,0,0,0,0,0,0,0,0,0,0,0,0,0,0,0,0,0,0,0,0,0,0,0,0,0,0,0,0,0
0017,042263,Chandrapuri,69,21,48,46,0,46,0,0,0,0,0,0,23,21,2,65,19,46,44,0,44,0,0,0,0,0,0,21,19,2,4,2,2,2,0,2,0,0,0,0,0,0,2,2,0
0017,042264,Gawni Chak Bachwar,2,1,1,0,0,0,0,0,0,0,0,0,2,1,1,2,1,1,0,0,0,0,0,0,0,0,0,2,1,1,0,0,0,0,0,0,0,0,0,0,0,0,0,0,0
0017,042265,Matkhani,3,3,0,3,3,0,0,0,0,0,0,0,0,0,0,3,3,0,3,3,0,0,0,0,0,0,0,0,0,0,0,0,0,0,0,0,0,0,0,0,0,0,0,0,0
0017,042266,Duwarkhu,0,0,0,0,0,0,0,0,0,0,0,0,0,0,0,0,0,0,0,0,0,0,0,0,0,0,0,0,0,0,0,0,0,0,0,0,0,0,0,0,0,0,0,0,0
0017,042267,Bhatwari Sunar,2,2,0,1,1,0,0,0,0,0,0,0,1,1,0,1,1,0,0,0,0,0,0,0,0,0,0,1,1,0,1,1,0,1,1,0,0,0,0,0,0,0,0,0,0
0017,042268,Naili,0,0,0,0,0,0,0,0,0,0,0,0,0,0,0,0,0,0,0,0,0,0,0,0,0,0,0,0,0,0,0,0,0,0,0,0,0,0,0,0,0,0,0,0,0
0017,042269,Guna Kyark,1,1,0,1,1,0,0,0,0,0,0,0,0,0,0,1,1,0,1,1,0,0,0,0,0,0,0,0,0,0,0,0,0,0,0,0,0,0,0,0,0,0,0,0,0
0017,042270,Phalai,2,2,0,1,1,0,0,0,0,0,0,0,1,1,0,2,2,0,1,1,0,0,0,0,0,0,0,1,1,0,0,0,0,0,0,0,0,0,0,0,0,0,0,0,0
0017,042271,Hat,2,1,1,1,1,0,0,0,0,0,0,0,1,0,1,2,1,1,1,1,0,0,0,0,0,0,0,1,0,1,0,0,0,0,0,0,0,0,0,0,0,0,0,0,0
0017,042272,Beru Bagar,0,0,0,0,0,0,0,0,0,0,0,0,0,0,0,0,0,0,0,0,0,0,0,0,0,0,0,0,0,0,0,0,0,0,0,0,0,0,0,0,0,0,0,0,0
0017,042273,Koti,0,0,0,0,0,0,0,0,0,0,0,0,0,0,0,0,0,0,0,0,0,0,0,0,0,0,0,0,0,0,0,0,0,0,0,0,0,0,0,0,0,0,0,0,0
0017,042274,Dangi,9,6,3,1,0,1,7,6,1,0,0,0,1,0,1,5,3,2,1,0,1,3,3,0,0,0,0,1,0,1,4,3,1,0,0,0,4,3,1,0,0,0,0,0,0
0017,042275,Sogna,1,0,1,0,0,0,0,0,0,0,0,0,1,0,1,1,0,1,0,0,0,0,0,0,0,0,0,1,0,1,0,0,0,0,0,0,0,0,0,0,0,0,0,0,0
0017,042276,Sindhata,3,1,2,1,0,1,0,0,0,0,0,0,2,1,1,1,1,0,0,0,0,0,0,0,0,0,0,1,1,0,2,0,2,1,0,1,0,0,0,0,0,0,1,0,1
0017,042277,Dadoli,53,51,2,2,1,1,0,0,0,1,1,0,50,49,1,53,51,2,2,1,1,0,0,0,1,1,0,50,49,1,0,0,0,0,0,0,0,0,0,0,0,0,0,0,0
0017,042278,Silla Baman Gaon,138,127,11,9,5,4,0,0,0,4,4,0,125,118,7,131,122,9,8,4,4,0,0,0,3,3,0,120,115,5,7,5,2,1,1,0,0,0,0,1,1,0,5,3,2
0017,042279,Gadanu,2,2,0,1,1,0,0,0,0,0,0,0,1,1,0,2,2,0,1,1,0,0,0,0,0,0,0,1,1,0,0,0,0,0,0,0,0,0,0,0,0,0,0,0,0
0017,042280,Chamarara,0,0,0,0,0,0,0,0,0,0,0,0,0,0,0,0,0,0,0,0,0,0,0,0,0,0,0,0,0,0,0,0,0,0,0,0,0,0,0,0,0,0,0,0,0
0017,042281,Mahardhar,0,0,0,0,0,0,0,0,0,0,0,0,0,0,0,0,0,0,0,0,0,0,0,0,0,0,0,0,0,0,0,0,0,0,0,0,0,0,0,0,0,0,0,0,0
0017,042282,Ginwala,15,9,6,5,1,4,2,0,2,0,0,0,8,8,0,13,7,6,5,1,4,2,0,2,0,0,0,6,6,0,2,2,0,0,0,0,0,0,0,0,0,0,2,2,0
0017,042283,Gabni Gaon,4,1,3,4,1,3,0,0,0,0,0,0,0,0,0,4,1,3,4,1,3,0,0,0,0,0,0,0,0,0,0,0,0,0,0,0,0,0,0,0,0,0,0,0,0
0017,042284,Butola Gaon,0,0,0,0,0,0,0,0,0,0,0,0,0,0,0,0,0,0,0,0,0,0,0,0,0,0,0,0,0,0,0,0,0,0,0,0,0,0,0,0,0,0,0,0,0
0017,042285,Kakola,1,1,0,0,0,0,0,0,0,0,0,0,1,1,0,1,1,0,0,0,0,0,0,0,0,0,0,1,1,0,0,0,0,0,0,0,0,0,0,0,0,0,0,0,0
0017,042286,Gugali,3,1,2,1,0,1,0,0,0,0,0,0,2,1,1,2,1,1,0,0,0,0,0,0,0,0,0,2,1,1,1,0,1,1,0,1,0,0,0,0,0,0,0,0,0
0017,042287,Mahar Gaon,0,0,0,0,0,0,0,0,0,0,0,0,0,0,0,0,0,0,0,0,0,0,0,0,0,0,0,0,0,0,0,0,0,0,0,0,0,0,0,0,0,0,0,0,0
0017,042288,Shishi,3,0,3,1,0,1,0,0,0,0,0,0,2,0,2,3,0,3,1,0,1,0,0,0,0,0,0,2,0,2,0,0,0,0,0,0,0,0,0,0,0,0,0,0,0
0017,042289,Tondala,246,84,162,241,80,161,3,2,1,0,0,0,2,2,0,246,84,162,241,80,161,3,2,1,0,0,0,2,2,0,0,0,0,0,0,0,0,0,0,0,0,0,0,0,0
0017,042290,Kala Kot,50,12,38,46,10,36,3,1,2,1,1,0,0,0,0,50,12,38,46,10,36,3,1,2,1,1,0,0,0,0,0,0,0,0,0,0,0,0,0,0,0,0,0,0,0
0017,042291,Dhar,14,11,3,4,1,3,1,1,0,5,5,0,4,4,0,12,9,3,4,1,3,1,1,0,4,4,0,3,3,0,2,2,0,0,0,0,0,0,0,1,1,0,1,1,0
0017,042292,Pillu ,4,3,1,3,2,1,0,0,0,0,0,0,1,1,0,4,3,1,3,2,1,0,0,0,0,0,0,1,1,0,0,0,0,0,0,0,0,0,0,0,0,0,0,0,0
0017,042293,Jahangi,10,1,9,9,0,9,0,0,0,0,0,0,1,1,0,5,1,4,4,0,4,0,0,0,0,0,0,1,1,0,5,0,5,5,0,5,0,0,0,0,0,0,0,0,0
0017,042294,Toliyon,2,0,2,2,0,2,0,0,0,0,0,0,0,0,0,0,0,0,0,0,0,0,0,0,0,0,0,0,0,0,2,0,2,2,0,2,0,0,0,0,0,0,0,0,0
0017,042295,Tilsari,6,3,3,3,0,3,0,0,0,0,0,0,3,3,0,5,2,3,3,0,3,0,0,0,0,0,0,2,2,0,1,1,0,0,0,0,0,0,0,0,0,0,1,1,0
0017,042296,Onga Laga Kamsal,4,1,3,4,1,3,0,0,0,0,0,0,0,0,0,0,0,0,0,0,0,0,0,0,0,0,0,0,0,0,4,1,3,4,1,3,0,0,0,0,0,0,0,0,0
0017,042297,Kamsal,33,23,10,14,6,8,0,0,0,0,0,0,19,17,2,28,21,7,10,4,6,0,0,0,0,0,0,18,17,1,5,2,3,4,2,2,0,0,0,0,0,0,1,0,1
0017,042298,Jagoth,0,0,0,0,0,0,0,0,0,0,0,0,0,0,0,0,0,0,0,0,0,0,0,0,0,0,0,0,0,0,0,0,0,0,0,0,0,0,0,0,0,0,0,0,0
0017,042299,Banjgadu,8,4,4,4,2,2,0,0,0,0,0,0,4,2,2,7,3,4,3,1,2,0,0,0,0,0,0,4,2,2,1,1,0,1,1,0,0,0,0,0,0,0,0,0,0
0017,042320,Narkota,20,20,0,16,16,0,0,0,0,0,0,0,4,4,0,20,20,0,16,16,0,0,0,0,0,0,0,4,4,0,0,0,0,0,0,0,0,0,0,0,0,0,0,0,0
0017,042321,Naugaon Laga Bolani,2,2,0,1,1,0,0,0,0,0,0,0,1,1,0,2,2,0,1,1,0,0,0,0,0,0,0,1,1,0,0,0,0,0,0,0,0,0,0,0,0,0,0,0,0
0017,042322,Khankra,1,0,1,0,0,0,0,0,0,0,0,0,1,0,1,1,0,1,0,0,0,0,0,0,0,0,0,1,0,1,0,0,0,0,0,0,0,0,0,0,0,0,0,0,0
0017,042323,Dejimanda,2,1,1,1,0,1,0,0,0,0,0,0,1,1,0,1,1,0,0,0,0,0,0,0,0,0,0,1,1,0,1,0,1,1,0,1,0,0,0,0,0,0,0,0,0
0017,042324,Chantikhal,3,1,2,2,0,2,0,0,0,0,0,0,1,1,0,3,1,2,2,0,2,0,0,0,0,0,0,1,1,0,0,0,0,0,0,0,0,0,0,0,0,0,0,0,0
0017,042325,Sirobagarh,0,0,0,0,0,0,0,0,0,0,0,0,0,0,0,0,0,0,0,0,0,0,0,0,0,0,0,0,0,0,0,0,0,0,0,0,0,0,0,0,0,0,0,0,0
0017,042326,Sunau,31,12,19,6,1,5,25,11,14,0,0,0,0,0,0,7,5,2,1,0,1,6,5,1,0,0,0,0,0,0,24,7,17,5,1,4,19,6,13,0,0,0,0,0,0
0017,042327,Rampur,63,19,44,62,19,43,0,0,0,0,0,0,1,0,1,63,19,44,62,19,43,0,0,0,0,0,0,1,0,1,0,0,0,0,0,0,0,0,0,0,0,0,0,0,0
0017,042328,Fateh Pur,2,2,0,2,2,0,0,0,0,0,0,0,0,0,0,2,2,0,2,2,0,0,0,0,0,0,0,0,0,0,0,0,0,0,0,0,0,0,0,0,0,0,0,0,0
0017,042329,Badion,16,3,13,15,2,13,0,0,0,0,0,0,1,1,0,16,3,13,15,2,13,0,0,0,0,0,0,1,1,0,0,0,0,0,0,0,0,0,0,0,0,0,0,0,0
0017,042330,Kleth,1,1,0,0,0,0,0,0,0,0,0,0,1,1,0,1,1,0,0,0,0,0,0,0,0,0,0,1,1,0,0,0,0,0,0,0,0,0,0,0,0,0,0,0,0
0017,042331,Mar Gaon,0,0,0,0,0,0,0,0,0,0,0,0,0,0,0,0,0,0,0,0,0,0,0,0,0,0,0,0,0,0,0,0,0,0,0,0,0,0,0,0,0,0,0,0,0
0017,042332,Nishni,12,7,5,5,2,3,7,5,2,0,0,0,0,0,0,8,4,4,5,2,3,3,2,1,0,0,0,0,0,0,4,3,1,0,0,0,4,3,1,0,0,0,0,0,0
0017,042333,Chamiun,0,0,0,0,0,0,0,0,0,0,0,0,0,0,0,0,0,0,0,0,0,0,0,0,0,0,0,0,0,0,0,0,0,0,0,0,0,0,0,0,0,0,0,0,0
0017,042334,Pandhara,0,0,0,0,0,0,0,0,0,0,0,0,0,0,0,0,0,0,0,0,0,0,0,0,0,0,0,0,0,0,0,0,0,0,0,0,0,0,0,0,0,0,0,0,0
0017,042335,Bagoli Talli,0,0,0,0,0,0,0,0,0,0,0,0,0,0,0,0,0,0,0,0,0,0,0,0,0,0,0,0,0,0,0,0,0,0,0,0,0,0,0,0,0,0,0,0,0
0017,042336,Lauegarh,8,1,7,8,1,7,0,0,0,0,0,0,0,0,0,8,1,7,8,1,7,0,0,0,0,0,0,0,0,0,0,0,0,0,0,0,0,0,0,0,0,0,0,0,0
0017,042337,Shiv Puri,1,0,1,1,0,1,0,0,0,0,0,0,0,0,0,1,0,1,1,0,1,0,0,0,0,0,0,0,0,0,0,0,0,0,0,0,0,0,0,0,0,0,0,0,0
0017,042338,Bam Siv,105,24,81,100,19,81,0,0,0,1,1,0,4,4,0,98,21,77,93,16,77,0,0,0,1,1,0,4,4,0,7,3,4,7,3,4,0,0,0,0,0,0,0,0,0
0017,042339,Gangu Laga Dunga,2,1,1,2,1,1,0,0,0,0,0,0,0,0,0,2,1,1,2,1,1,0,0,0,0,0,0,0,0,0,0,0,0,0,0,0,0,0,0,0,0,0,0,0,0
0017,042340,Dungra,254,87,167,139,37,102,32,12,20,0,0,0,83,38,45,48,23,25,17,8,9,6,3,3,0,0,0,25,12,13,206,64,142,122,29,93,26,9,17,0,0,0,58,26,32
0017,042341,Vara,46,7,39,43,4,39,0,0,0,0,0,0,3,3,0,1,0,1,1,0,1,0,0,0,0,0,0,0,0,0,45,7,38,42,4,38,0,0,0,0,0,0,3,3,0
0017,042342,Garh Khoon Lagatanthi,0,0,0,0,0,0,0,0,0,0,0,0,0,0,0,0,0,0,0,0,0,0,0,0,0,0,0,0,0,0,0,0,0,0,0,0,0,0,0,0,0,0,0,0,0
0017,042343,Chatora,67,19,48,63,15,48,0,0,0,0,0,0,4,4,0,3,3,0,1,1,0,0,0,0,0,0,0,2,2,0,64,16,48,62,14,48,0,0,0,0,0,0,2,2,0
0017,042344,Chauthala,46,7,39,46,7,39,0,0,0,0,0,0,0,0,0,21,5,16,21,5,16,0,0,0,0,0,0,0,0,0,25,2,23,25,2,23,0,0,0,0,0,0,0,0,0
0017,042345,Bagoli Malli,1,0,1,0,0,0,0,0,0,0,0,0,1,0,1,1,0,1,0,0,0,0,0,0,0,0,0,1,0,1,0,0,0,0,0,0,0,0,0,0,0,0,0,0,0
0017,042346,Dhamini,0,0,0,0,0,0,0,0,0,0,0,0,0,0,0,0,0,0,0,0,0,0,0,0,0,0,0,0,0,0,0,0,0,0,0,0,0,0,0,0,0,0,0,0,0
0017,042347,Khabar Sera,0,0,0,0,0,0,0,0,0,0,0,0,0,0,0,0,0,0,0,0,0,0,0,0,0,0,0,0,0,0,0,0,0,0,0,0,0,0,0,0,0,0,0,0,0
0017,042348,Molchada,0,0,0,0,0,0,0,0,0,0,0,0,0,0,0,0,0,0,0,0,0,0,0,0,0,0,0,0,0,0,0,0,0,0,0,0,0,0,0,0,0,0,0,0,0
0017,042349,Kathet Gaon,14,6,8,14,6,8,0,0,0,0,0,0,0,0,0,14,6,8,14,6,8,0,0,0,0,0,0,0,0,0,0,0,0,0,0,0,0,0,0,0,0,0,0,0,0
0017,042350,Batoli,6,5,1,0,0,0,0,0,0,0,0,0,6,5,1,1,1,0,0,0,0,0,0,0,0,0,0,1,1,0,5,4,1,0,0,0,0,0,0,0,0,0,5,4,1
0017,042351,Shri Kot Lagga Dugra,57,22,35,57,22,35,0,0,0,0,0,0,0,0,0,50,19,31,50,19,31,0,0,0,0,0,0,0,0,0,7,3,4,7,3,4,0,0,0,0,0,0,0,0,0
0017,042352,Janta,1,1,0,0,0,0,0,0,0,0,0,0,1,1,0,1,1,0,0,0,0,0,0,0,0,0,0,1,1,0,0,0,0,0,0,0,0,0,0,0,0,0,0,0,0
0017,042353,Deval Urf Bairagana,0,0,0,0,0,0,0,0,0,0,0,0,0,0,0,0,0,0,0,0,0,0,0,0,0,0,0,0,0,0,0,0,0,0,0,0,0,0,0,0,0,0,0,0,0
0017,042354,Sigawal Gaon,3,3,0,1,1,0,0,0,0,0,0,0,2,2,0,3,3,0,1,1,0,0,0,0,0,0,0,2,2,0,0,0,0,0,0,0,0,0,0,0,0,0,0,0,0
0017,042355,Kandai,66,22,44,63,20,43,1,0,1,0,0,0,2,2,0,60,20,40,57,18,39,1,0,1,0,0,0,2,2,0,6,2,4,6,2,4,0,0,0,0,0,0,0,0,0
0017,042356,Nau Gaon Singhwal Gaon,3,0,3,3,0,3,0,0,0,0,0,0,0,0,0,3,0,3,3,0,3,0,0,0,0,0,0,0,0,0,0,0,0,0,0,0,0,0,0,0,0,0,0,0,0
0017,042357,Dhingani,0,0,0,0,0,0,0,0,0,0,0,0,0,0,0,0,0,0,0,0,0,0,0,0,0,0,0,0,0,0,0,0,0,0,0,0,0,0,0,0,0,0,0,0,0
0017,042358,Nawasu,43,35,8,4,1,3,0,0,0,0,0,0,39,34,5,22,19,3,2,1,1,0,0,0,0,0,0,20,18,2,21,16,5,2,0,2,0,0,0,0,0,0,19,16,3
0017,042359,Moltha,0,0,0,0,0,0,0,0,0,0,0,0,0,0,0,0,0,0,0,0,0,0,0,0,0,0,0,0,0,0,0,0,0,0,0,0,0,0,0,0,0,0,0,0,0
0017,042360,Gahad,0,0,0,0,0,0,0,0,0,0,0,0,0,0,0,0,0,0,0,0,0,0,0,0,0,0,0,0,0,0,0,0,0,0,0,0,0,0,0,0,0,0,0,0,0
0017,042361,Juthanwas,0,0,0,0,0,0,0,0,0,0,0,0,0,0,0,0,0,0,0,0,0,0,0,0,0,0,0,0,0,0,0,0,0,0,0,0,0,0,0,0,0,0,0,0,0
0017,042362,Nauna,1,0,1,1,0,1,0,0,0,0,0,0,0,0,0,1,0,1,1,0,1,0,0,0,0,0,0,0,0,0,0,0,0,0,0,0,0,0,0,0,0,0,0,0,0
0017,042363,Dan Kot,58,34,24,4,2,2,1,1,0,2,2,0,51,29,22,57,34,23,4,2,2,1,1,0,2,2,0,50,29,21,1,0,1,0,0,0,0,0,0,0,0,0,1,0,1
0017,042364,Barsuri,93,36,57,36,28,8,54,5,49,0,0,0,3,3,0,85,31,54,33,27,6,50,2,48,0,0,0,2,2,0,8,5,3,3,1,2,4,3,1,0,0,0,1,1,0
0017,042365,Musyagaon,27,11,16,12,5,7,0,0,0,0,0,0,15,6,9,21,11,10,6,5,1,0,0,0,0,0,0,15,6,9,6,0,6,6,0,6,0,0,0,0,0,0,0,0,0
0017,042366,Kulatoli,0,0,0,0,0,0,0,0,0,0,0,0,0,0,0,0,0,0,0,0,0,0,0,0,0,0,0,0,0,0,0,0,0,0,0,0,0,0,0,0,0,0,0,0,0
0017,042367,Aak Sera,15,4,11,15,4,11,0,0,0,0,0,0,0,0,0,10,2,8,10,2,8,0,0,0,0,0,0,0,0,0,5,2,3,5,2,3,0,0,0,0,0,0,0,0,0
0017,042368,Mahendra Bagoli,2,2,0,1,1,0,0,0,0,0,0,0,1,1,0,2,2,0,1,1,0,0,0,0,0,0,0,1,1,0,0,0,0,0,0,0,0,0,0,0,0,0,0,0,0
0017,042369,Kamoldi,90,42,48,80,33,47,1,1,0,1,1,0,8,7,1,86,39,47,77,31,46,0,0,0,1,1,0,8,7,1,4,3,1,3,2,1,1,1,0,0,0,0,0,0,0
0017,042370,Pipli,231,89,142,175,67,108,17,3,14,15,4,11,24,15,9,207,84,123,155,62,93,13,3,10,15,4,11,24,15,9,24,5,19,20,5,15,4,0,4,0,0,0,0,0,0
0017,042371,Dobha Doblaga Kafoli,21,10,11,17,8,9,1,1,0,3,1,2,0,0,0,20,10,10,17,8,9,1,1,0,2,1,1,0,0,0,1,0,1,0,0,0,0,0,0,1,0,1,0,0,0
0017,042372,Sakhrori,1,0,1,1,0,1,0,0,0,0,0,0,0,0,0,1,0,1,1,0,1,0,0,0,0,0,0,0,0,0,0,0,0,0,0,0,0,0,0,0,0,0,0,0,0
0017,042373,Ban Gaon Talla,4,3,1,4,3,1,0,0,0,0,0,0,0,0,0,4,3,1,4,3,1,0,0,0,0,0,0,0,0,0,0,0,0,0,0,0,0,0,0,0,0,0,0,0,0
0017,042374,Dhar Kot,0,0,0,0,0,0,0,0,0,0,0,0,0,0,0,0,0,0,0,0,0,0,0,0,0,0,0,0,0,0,0,0,0,0,0,0,0,0,0,0,0,0,0,0,0
0017,042375,Syoni,19,8,11,19,8,11,0,0,0,0,0,0,0,0,0,19,8,11,19,8,11,0,0,0,0,0,0,0,0,0,0,0,0,0,0,0,0,0,0,0,0,0,0,0,0
0017,042376,Shyal Khet,29,10,19,18,6,12,1,0,1,1,1,0,9,3,6,29,10,19,18,6,12,1,0,1,1,1,0,9,3,6,0,0,0,0,0,0,0,0,0,0,0,0,0,0,0
0017,042377,Koli,6,5,1,1,1,0,0,0,0,3,3,0,2,1,1,4,3,1,1,1,0,0,0,0,1,1,0,2,1,1,2,2,0,0,0,0,0,0,0,2,2,0,0,0,0
0017,042378,Surari,20,10,10,3,1,2,0,0,0,0,0,0,17,9,8,17,8,9,2,0,2,0,0,0,0,0,0,15,8,7,3,2,1,1,1,0,0,0,0,0,0,0,2,1,1
0017,042379,Thendi,5,2,3,2,0,2,0,0,0,0,0,0,3,2,1,4,2,2,2,0,2,0,0,0,0,0,0,2,2,0,1,0,1,0,0,0,0,0,0,0,0,0,1,0,1
0017,042380,Jutai,5,2,3,5,2,3,0,0,0,0,0,0,0,0,0,4,2,2,4,2,2,0,0,0,0,0,0,0,0,0,1,0,1,1,0,1,0,0,0,0,0,0,0,0,0
0017,042381,Margaon ,1,1,0,1,1,0,0,0,0,0,0,0,0,0,0,1,1,0,1,1,0,0,0,0,0,0,0,0,0,0,0,0,0,0,0,0,0,0,0,0,0,0,0,0,0
0017,042382,Afrai Khet,3,2,1,3,2,1,0,0,0,0,0,0,0,0,0,2,2,0,2,2,0,0,0,0,0,0,0,0,0,0,1,0,1,1,0,1,0,0,0,0,0,0,0,0,0
0017,042383,Dhankot/ Kandadhar,29,10,19,26,7,19,1,1,0,1,1,0,1,1,0,22,7,15,20,5,15,1,1,0,1,1,0,0,0,0,7,3,4,6,2,4,0,0,0,0,0,0,1,1,0
0017,042384,Naukhu,9,2,7,8,2,6,1,0,1,0,0,0,0,0,0,7,2,5,6,2,4,1,0,1,0,0,0,0,0,0,2,0,2,2,0,2,0,0,0,0,0,0,0,0,0
0017,042385,Baneta Laga Syuni,0,0,0,0,0,0,0,0,0,0,0,0,0,0,0,0,0,0,0,0,0,0,0,0,0,0,0,0,0,0,0,0,0,0,0,0,0,0,0,0,0,0,0,0,0
0017,042386,Barkot,0,0,0,0,0,0,0,0,0,0,0,0,0,0,0,0,0,0,0,0,0,0,0,0,0,0,0,0,0,0,0,0,0,0,0,0,0,0,0,0,0,0,0,0,0
0017,042387,Pata,100,23,77,17,8,9,80,12,68,0,0,0,3,3,0,94,22,72,15,8,7,76,11,65,0,0,0,3,3,0,6,1,5,2,0,2,4,1,3,0,0,0,0,0,0
0017,042388,Bansue,2,0,2,0,0,0,0,0,0,0,0,0,2,0,2,2,0,2,0,0,0,0,0,0,0,0,0,2,0,2,0,0,0,0,0,0,0,0,0,0,0,0,0,0,0
0017,042389,Nakar,0,0,0,0,0,0,0,0,0,0,0,0,0,0,0,0,0,0,0,0,0,0,0,0,0,0,0,0,0,0,0,0,0,0,0,0,0,0,0,0,0,0,0,0,0
0017,042390,Ban Gaon Malla,11,1,10,11,1,10,0,0,0,0,0,0,0,0,0,7,0,7,7,0,7,0,0,0,0,0,0,0,0,0,4,1,3,4,1,3,0,0,0,0,0,0,0,0,0
0017,042391,Jundoli,3,2,1,0,0,0,0,0,0,0,0,0,3,2,1,3,2,1,0,0,0,0,0,0,0,0,0,3,2,1,0,0,0,0,0,0,0,0,0,0,0,0,0,0,0
0017,042405,Bhains Gaon,0,0,0,0,0,0,0,0,0,0,0,0,0,0,0,0,0,0,0,0,0,0,0,0,0,0,0,0,0,0,0,0,0,0,0,0,0,0,0,0,0,0,0,0,0
0017,042406,Pola,13,10,3,0,0,0,9,7,2,0,0,0,4,3,1,9,7,2,0,0,0,5,4,1,0,0,0,4,3,1,4,3,1,0,0,0,4,3,1,0,0,0,0,0,0
0017,042407,Nari,8,7,1,1,0,1,0,0,0,1,1,0,6,6,0,5,5,0,0,0,0,0,0,0,0,0,0,5,5,0,3,2,1,1,0,1,0,0,0,1,1,0,1,1,0
0017,042408,Syund Dhamak,90,26,64,88,25,63,1,0,1,0,0,0,1,1,0,88,26,62,87,25,62,0,0,0,0,0,0,1,1,0,2,0,2,1,0,1,1,0,1,0,0,0,0,0,0
0017,042409,Satera,1,1,0,1,1,0,0,0,0,0,0,0,0,0,0,1,1,0,1,1,0,0,0,0,0,0,0,0,0,0,0,0,0,0,0,0,0,0,0,0,0,0,0,0,0
0017,042410,Shyupuri,104,66,38,57,22,35,0,0,0,0,0,0,47,44,3,102,65,37,55,21,34,0,0,0,0,0,0,47,44,3,2,1,1,2,1,1,0,0,0,0,0,0,0,0,0
0017,042411,Khatyana,12,9,3,6,5,1,0,0,0,0,0,0,6,4,2,9,7,2,3,3,0,0,0,0,0,0,0,6,4,2,3,2,1,3,2,1,0,0,0,0,0,0,0,0,0
0017,042412,Bauthal Laga Khatyana,50,26,24,48,25,23,0,0,0,0,0,0,2,1,1,10,3,7,10,3,7,0,0,0,0,0,0,0,0,0,40,23,17,38,22,16,0,0,0,0,0,0,2,1,1
0017,042413,Sandar,163,66,97,156,60,96,2,1,1,2,2,0,3,3,0,144,60,84,138,54,84,1,1,0,2,2,0,3,3,0,19,6,13,18,6,12,1,0,1,0,0,0,0,0,0
0017,042414,Kando Laga Darmbari,7,3,4,7,3,4,0,0,0,0,0,0,0,0,0,7,3,4,7,3,4,0,0,0,0,0,0,0,0,0,0,0,0,0,0,0,0,0,0,0,0,0,0,0,0
0017,042415,Darmwari,101,29,72,98,27,71,3,2,1,0,0,0,0,0,0,98,27,71,98,27,71,0,0,0,0,0,0,0,0,0,3,2,1,0,0,0,3,2,1,0,0,0,0,0,0
0017,042416,Kyark Nandala,55,33,22,55,33,22,0,0,0,0,0,0,0,0,0,54,32,22,54,32,22,0,0,0,0,0,0,0,0,0,1,1,0,1,1,0,0,0,0,0,0,0,0,0,0
0017,042417,San,14,6,8,13,5,8,0,0,0,0,0,0,1,1,0,2,2,0,1,1,0,0,0,0,0,0,0,1,1,0,12,4,8,12,4,8,0,0,0,0,0,0,0,0,0
0017,042418,Dhaulsari,28,12,16,28,12,16,0,0,0,0,0,0,0,0,0,28,12,16,28,12,16,0,0,0,0,0,0,0,0,0,0,0,0,0,0,0,0,0,0,0,0,0,0,0,0
0017,042419,Amdala,3,1,2,0,0,0,0,0,0,1,1,0,2,0,2,3,1,2,0,0,0,0,0,0,1,1,0,2,0,2,0,0,0,0,0,0,0,0,0,0,0,0,0,0,0
0017,042420,Dhureli,18,8,10,12,5,7,1,0,1,0,0,0,5,3,2,18,8,10,12,5,7,1,0,1,0,0,0,5,3,2,0,0,0,0,0,0,0,0,0,0,0,0,0,0,0
0017,042421,Kameda,103,49,54,101,47,54,0,0,0,0,0,0,2,2,0,103,49,54,101,47,54,0,0,0,0,0,0,2,2,0,0,0,0,0,0,0,0,0,0,0,0,0,0,0,0
0017,042422,Benji,19,12,7,10,3,7,0,0,0,0,0,0,9,9,0,4,3,1,1,0,1,0,0,0,0,0,0,3,3,0,15,9,6,9,3,6,0,0,0,0,0,0,6,6,0
0017,042423,Gangtal,10,4,6,4,0,4,0,0,0,0,0,0,6,4,2,8,4,4,3,0,3,0,0,0,0,0,0,5,4,1,2,0,2,1,0,1,0,0,0,0,0,0,1,0,1
0017,042424,Dangi,24,5,19,20,4,16,0,0,0,2,1,1,2,0,2,18,3,15,16,3,13,0,0,0,0,0,0,2,0,2,6,2,4,4,1,3,0,0,0,2,1,1,0,0,0
0017,042425,Rampur,61,23,38,48,10,38,0,0,0,5,5,0,8,8,0,55,20,35,44,9,35,0,0,0,5,5,0,6,6,0,6,3,3,4,1,3,0,0,0,0,0,0,2,2,0
0017,042426,Gir Bhuter,23,21,2,6,6,0,9,7,2,2,2,0,6,6,0,20,18,2,6,6,0,8,6,2,0,0,0,6,6,0,3,3,0,0,0,0,1,1,0,2,2,0,0,0,0
0017,042427,Tilwara,55,46,9,7,2,5,4,4,0,11,9,2,33,31,2,52,43,9,7,2,5,4,4,0,8,6,2,33,31,2,3,3,0,0,0,0,0,0,0,3,3,0,0,0,0
0017,042428,Methana Chhitoli,7,5,2,2,1,1,2,1,1,0,0,0,3,3,0,7,5,2,2,1,1,2,1,1,0,0,0,3,3,0,0,0,0,0,0,0,0,0,0,0,0,0,0,0,0
0017,042429,Tamind,3,1,2,3,1,2,0,0,0,0,0,0,0,0,0,2,1,1,2,1,1,0,0,0,0,0,0,0,0,0,1,0,1,1,0,1,0,0,0,0,0,0,0,0,0
0017,042430,Chauki Barsil,165,61,104,161,61,100,4,0,4,0,0,0,0,0,0,165,61,104,161,61,100,4,0,4,0,0,0,0,0,0,0,0,0,0,0,0,0,0,0,0,0,0,0,0,0
0017,042431,Karndhar,2,2,0,1,1,0,0,0,0,0,0,0,1,1,0,2,2,0,1,1,0,0,0,0,0,0,0,1,1,0,0,0,0,0,0,0,0,0,0,0,0,0,0,0,0
0017,042432,Gunaun,86,31,55,79,25,54,0,0,0,0,0,0,7,6,1,57,28,29,51,22,29,0,0,0,0,0,0,6,6,0,29,3,26,28,3,25,0,0,0,0,0,0,1,0,1
0017,042433,Chopra,7,7,0,0,0,0,0,0,0,0,0,0,7,7,0,7,7,0,0,0,0,0,0,0,0,0,0,7,7,0,0,0,0,0,0,0,0,0,0,0,0,0,0,0,0
0017,042434,Saurbhat Gaon,29,12,17,29,12,17,0,0,0,0,0,0,0,0,0,29,12,17,29,12,17,0,0,0,0,0,0,0,0,0,0,0,0,0,0,0,0,0,0,0,0,0,0,0,0
0017,042435,Bandrikot,0,0,0,0,0,0,0,0,0,0,0,0,0,0,0,0,0,0,0,0,0,0,0,0,0,0,0,0,0,0,0,0,0,0,0,0,0,0,0,0,0,0,0,0,0
0017,042436,Tolib,112,16,96,111,16,95,0,0,0,1,0,1,0,0,0,70,5,65,70,5,65,0,0,0,0,0,0,0,0,0,42,11,31,41,11,30,0,0,0,1,0,1,0,0,0
0017,042437,Kumoli Malkoti,17,11,6,4,3,1,8,3,5,0,0,0,5,5,0,15,10,5,2,2,0,8,3,5,0,0,0,5,5,0,2,1,1,2,1,1,0,0,0,0,0,0,0,0,0
0017,042438,Bawai,211,81,130,202,74,128,1,0,1,0,0,0,8,7,1,195,75,120,186,68,118,1,0,1,0,0,0,8,7,1,16,6,10,16,6,10,0,0,0,0,0,0,0,0,0
0017,042439,Bamoli,1,1,0,1,1,0,0,0,0,0,0,0,0,0,0,1,1,0,1,1,0,0,0,0,0,0,0,0,0,0,0,0,0,0,0,0,0,0,0,0,0,0,0,0,0
0017,042440,Maikoti,9,6,3,5,2,3,1,1,0,0,0,0,3,3,0,6,3,3,4,1,3,1,1,0,0,0,0,1,1,0,3,3,0,1,1,0,0,0,0,0,0,0,2,2,0
0017,042441,Thalasu,39,20,19,36,18,18,1,0,1,0,0,0,2,2,0,39,20,19,36,18,18,1,0,1,0,0,0,2,2,0,0,0,0,0,0,0,0,0,0,0,0,0,0,0,0
0017,042442,Barsil Pawek,5,1,4,2,0,2,1,0,1,0,0,0,2,1,1,1,1,0,0,0,0,0,0,0,0,0,0,1,1,0,4,0,4,2,0,2,1,0,1,0,0,0,1,0,1
0017,042443,Chamak,16,10,6,2,0,2,3,1,2,0,0,0,11,9,2,13,9,4,1,0,1,2,1,1,0,0,0,10,8,2,3,1,2,1,0,1,1,0,1,0,0,0,1,1,0
0017,042444,Saury,5,2,3,0,0,0,0,0,0,0,0,0,5,2,3,5,2,3,0,0,0,0,0,0,0,0,0,5,2,3,0,0,0,0,0,0,0,0,0,0,0,0,0,0,0
0017,042445,Silkot,16,12,4,0,0,0,0,0,0,8,5,3,8,7,1,14,10,4,0,0,0,0,0,0,8,5,3,6,5,1,2,2,0,0,0,0,0,0,0,0,0,0,2,2,0
0017,042446,Chameli,8,5,3,0,0,0,5,3,2,1,1,0,2,1,1,1,1,0,0,0,0,0,0,0,0,0,0,1,1,0,7,4,3,0,0,0,5,3,2,1,1,0,1,0,1
0017,042447,Amotha,112,92,20,4,1,3,66,63,3,14,8,6,28,20,8,94,75,19,4,1,3,55,53,2,12,6,6,23,15,8,18,17,1,0,0,0,11,10,1,2,2,0,5,5,0
0017,042448,Baniyari,319,204,115,1,1,0,40,18,22,14,7,7,264,178,86,303,189,114,1,1,0,36,15,21,13,6,7,253,167,86,16,15,1,0,0,0,4,3,1,1,1,0,11,11,0
0017,042449,Nakot,348,155,193,260,82,178,11,6,5,4,3,1,73,64,9,109,71,38,45,17,28,9,5,4,3,3,0,52,46,6,239,84,155,215,65,150,2,1,1,1,0,1,21,18,3
0017,042450,Bhausal,272,126,146,267,122,145,1,0,1,0,0,0,4,4,0,272,126,146,267,122,145,1,0,1,0,0,0,4,4,0,0,0,0,0,0,0,0,0,0,0,0,0,0,0,0
0017,042451,Rumsi,310,100,210,310,100,210,0,0,0,0,0,0,0,0,0,310,100,210,310,100,210,0,0,0,0,0,0,0,0,0,0,0,0,0,0,0,0,0,0,0,0,0,0,0,0
0017,042452,Bareth,46,28,18,1,0,1,0,0,0,4,4,0,41,24,17,29,21,8,1,0,1,0,0,0,4,4,0,24,17,7,17,7,10,0,0,0,0,0,0,0,0,0,17,7,10
0017,042453,Malkhi,30,25,5,0,0,0,24,21,3,0,0,0,6,4,2,29,24,5,0,0,0,23,20,3,0,0,0,6,4,2,1,1,0,0,0,0,1,1,0,0,0,0,0,0,0
0017,042454,Bhatwari,38,29,9,3,2,1,4,1,3,0,0,0,31,26,5,38,29,9,3,2,1,4,1,3,0,0,0,31,26,5,0,0,0,0,0,0,0,0,0,0,0,0,0,0,0
0017,042455,Managu,81,76,5,9,6,3,54,53,1,1,1,0,17,16,1,80,75,5,9,6,3,53,52,1,1,1,0,17,16,1,1,1,0,0,0,0,1,1,0,0,0,0,0,0,0
0017,042456,Khalyo,87,37,50,83,36,47,1,0,1,3,1,2,0,0,0,20,10,10,20,10,10,0,0,0,0,0,0,0,0,0,67,27,40,63,26,37,1,0,1,3,1,2,0,0,0
0017,042457,Syal Dobha,121,58,63,121,58,63,0,0,0,0,0,0,0,0,0,41,30,11,41,30,11,0,0,0,0,0,0,0,0,0,80,28,52,80,28,52,0,0,0,0,0,0,0,0,0
0017,042458,Silli Sera,39,25,14,18,5,13,14,14,0,0,0,0,7,6,1,37,24,13,16,4,12,14,14,0,0,0,0,7,6,1,2,1,1,2,1,1,0,0,0,0,0,0,0,0,0
0017,042459,Dobha,19,15,4,12,8,4,2,2,0,0,0,0,5,5,0,10,7,3,7,4,3,2,2,0,0,0,0,1,1,0,9,8,1,5,4,1,0,0,0,0,0,0,4,4,0
0017,042460,Chond,44,11,33,40,8,32,1,0,1,0,0,0,3,3,0,44,11,33,40,8,32,1,0,1,0,0,0,3,3,0,0,0,0,0,0,0,0,0,0,0,0,0,0,0,0
0017,042461,Bhatwari,2,2,0,1,1,0,0,0,0,0,0,0,1,1,0,2,2,0,1,1,0,0,0,0,0,0,0,1,1,0,0,0,0,0,0,0,0,0,0,0,0,0,0,0,0
0017,042462,Urkholi,0,0,0,0,0,0,0,0,0,0,0,0,0,0,0,0,0,0,0,0,0,0,0,0,0,0,0,0,0,0,0,0,0,0,0,0,0,0,0,0,0,0,0,0,0
0017,042463,Swari Gwans,178,53,125,164,41,123,0,0,0,0,0,0,14,12,2,156,41,115,147,34,113,0,0,0,0,0,0,9,7,2,22,12,10,17,7,10,0,0,0,0,0,0,5,5,0
0017,042464,Ghimtoli,27,12,15,25,11,14,1,0,1,0,0,0,1,1,0,12,6,6,11,5,6,0,0,0,0,0,0,1,1,0,15,6,9,14,6,8,1,0,1,0,0,0,0,0,0
0017,042465,Kollu Bhannu,257,86,171,254,83,171,0,0,0,1,1,0,2,2,0,257,86,171,254,83,171,0,0,0,1,1,0,2,2,0,0,0,0,0,0,0,0,0,0,0,0,0,0,0,0
0017,042466,Bachhani,3,2,1,1,0,1,0,0,0,0,0,0,2,2,0,3,2,1,1,0,1,0,0,0,0,0,0,2,2,0,0,0,0,0,0,0,0,0,0,0,0,0,0,0,0
0017,042467,Gadil,66,26,40,63,24,39,0,0,0,0,0,0,3,2,1,63,25,38,61,23,38,0,0,0,0,0,0,2,2,0,3,1,2,2,1,1,0,0,0,0,0,0,1,0,1
0017,042468,Phalasi,269,133,136,211,75,136,0,0,0,7,7,0,51,51,0,243,111,132,202,70,132,0,0,0,5,5,0,36,36,0,26,22,4,9,5,4,0,0,0,2,2,0,15,15,0
0017,042469,Bora,324,154,170,256,110,146,24,8,16,2,1,1,42,35,7,34,22,12,28,16,12,0,0,0,0,0,0,6,6,0,290,132,158,228,94,134,24,8,16,2,1,1,36,29,7
0017,042470,Gorna,1,1,0,1,1,0,0,0,0,0,0,0,0,0,0,0,0,0,0,0,0,0,0,0,0,0,0,0,0,0,1,1,0,1,1,0,0,0,0,0,0,0,0,0,0
0017,042471,Malnaun,57,30,27,53,29,24,1,0,1,0,0,0,3,1,2,36,17,19,32,16,16,1,0,1,0,0,0,3,1,2,21,13,8,21,13,8,0,0,0,0,0,0,0,0,0
0017,042472,Kunda Dankot,115,68,47,113,67,46,0,0,0,0,0,0,2,1,1,60,38,22,59,38,21,0,0,0,0,0,0,1,0,1,55,30,25,54,29,25,0,0,0,0,0,0,1,1,0
0017,042473,Tarag,123,25,98,99,16,83,24,9,15,0,0,0,0,0,0,113,23,90,90,15,75,23,8,15,0,0,0,0,0,0,10,2,8,9,1,8,1,1,0,0,0,0,0,0,0
0017,042474,Kanda,71,21,50,66,17,49,1,1,0,0,0,0,4,3,1,66,21,45,61,17,44,1,1,0,0,0,0,4,3,1,5,0,5,5,0,5,0,0,0,0,0,0,0,0,0
0017,042475,Kyuri,332,74,258,282,46,236,17,7,10,5,3,2,28,18,10,254,45,209,221,28,193,5,1,4,3,1,2,25,15,10,78,29,49,61,18,43,12,6,6,2,2,0,3,3,0
0017,042476,Lodala,92,40,52,80,33,47,12,7,5,0,0,0,0,0,0,88,38,50,77,32,45,11,6,5,0,0,0,0,0,0,4,2,2,3,1,2,1,1,0,0,0,0,0,0,0
0017,042477,Gadsari,4,1,3,3,1,2,0,0,0,0,0,0,1,0,1,3,0,3,2,0,2,0,0,0,0,0,0,1,0,1,1,1,0,1,1,0,0,0,0,0,0,0,0,0,0
0017,042478,Baridang,0,0,0,0,0,0,0,0,0,0,0,0,0,0,0,0,0,0,0,0,0,0,0,0,0,0,0,0,0,0,0,0,0,0,0,0,0,0,0,0,0,0,0,0,0
0017,042479,Jakhni,91,49,42,85,47,38,0,0,0,2,0,2,4,2,2,23,7,16,21,7,14,0,0,0,2,0,2,0,0,0,68,42,26,64,40,24,0,0,0,0,0,0,4,2,2
0017,042480,Chamswara,2,1,1,2,1,1,0,0,0,0,0,0,0,0,0,2,1,1,2,1,1,0,0,0,0,0,0,0,0,0,0,0,0,0,0,0,0,0,0,0,0,0,0,0,0
0017,042481,Patal Laga Kothagi,1,0,1,0,0,0,1,0,1,0,0,0,0,0,0,1,0,1,0,0,0,1,0,1,0,0,0,0,0,0,0,0,0,0,0,0,0,0,0,0,0,0,0,0,0
0017,042482,Gadmil,12,6,6,5,3,2,0,0,0,0,0,0,7,3,4,3,1,2,0,0,0,0,0,0,0,0,0,3,1,2,9,5,4,5,3,2,0,0,0,0,0,0,4,2,2
0017,042483,Semal Sari,38,7,31,38,7,31,0,0,0,0,0,0,0,0,0,36,5,31,36,5,31,0,0,0,0,0,0,0,0,0,2,2,0,2,2,0,0,0,0,0,0,0,0,0,0
0017,042484,Chapar,229,129,100,208,112,96,10,7,3,3,3,0,8,7,1,73,34,39,65,27,38,1,0,1,1,1,0,6,6,0,156,95,61,143,85,58,9,7,2,2,2,0,2,1,1
0017,042485,Dungari,48,12,36,48,12,36,0,0,0,0,0,0,0,0,0,47,11,36,47,11,36,0,0,0,0,0,0,0,0,0,1,1,0,1,1,0,0,0,0,0,0,0,0,0,0
0017,042486,Bajyun,96,55,41,51,32,19,0,0,0,44,22,22,1,1,0,95,55,40,50,32,18,0,0,0,44,22,22,1,1,0,1,0,1,1,0,1,0,0,0,0,0,0,0,0,0
0017,042487,Utarasu,0,0,0,0,0,0,0,0,0,0,0,0,0,0,0,0,0,0,0,0,0,0,0,0,0,0,0,0,0,0,0,0,0,0,0,0,0,0,0,0,0,0,0,0,0
0017,042488,Jondala,17,8,9,15,7,8,1,0,1,0,0,0,1,1,0,17,8,9,15,7,8,1,0,1,0,0,0,1,1,0,0,0,0,0,0,0,0,0,0,0,0,0,0,0,0
0017,042489,Temana,14,5,9,11,2,9,0,0,0,0,0,0,3,3,0,14,5,9,11,2,9,0,0,0,0,0,0,3,3,0,0,0,0,0,0,0,0,0,0,0,0,0,0,0,0
0017,042490,Pali Jaikhanda,1,1,0,0,0,0,0,0,0,0,0,0,1,1,0,1,1,0,0,0,0,0,0,0,0,0,0,1,1,0,0,0,0,0,0,0,0,0,0,0,0,0,0,0,0
0017,042491,Dewlakh,43,6,37,43,6,37,0,0,0,0,0,0,0,0,0,34,4,30,34,4,30,0,0,0,0,0,0,0,0,0,9,2,7,9,2,7,0,0,0,0,0,0,0,0,0
0017,042492,Sarqu,98,18,80,98,18,80,0,0,0,0,0,0,0,0,0,72,7,65,72,7,65,0,0,0,0,0,0,0,0,0,26,11,15,26,11,15,0,0,0,0,0,0,0,0,0
0017,042493,Gandhari,85,13,72,73,2,71,6,5,1,1,1,0,5,5,0,76,6,70,71,1,70,2,2,0,1,1,0,2,2,0,9,7,2,2,1,1,4,3,1,0,0,0,3,3,0
0017,042494,Bhainsari,2,2,0,1,1,0,0,0,0,1,1,0,0,0,0,2,2,0,1,1,0,0,0,0,1,1,0,0,0,0,0,0,0,0,0,0,0,0,0,0,0,0,0,0,0
0017,042495,Pali Talli,12,2,10,11,2,9,0,0,0,0,0,0,1,0,1,8,2,6,7,2,5,0,0,0,0,0,0,1,0,1,4,0,4,4,0,4,0,0,0,0,0,0,0,0,0
0017,042496,Pali Malli,13,4,9,12,3,9,0,0,0,0,0,0,1,1,0,12,4,8,11,3,8,0,0,0,0,0,0,1,1,0,1,0,1,1,0,1,0,0,0,0,0,0,0,0,0
0017,042497,Chopara,29,12,17,15,4,11,0,0,0,0,0,0,14,8,6,26,11,15,14,3,11,0,0,0,0,0,0,12,8,4,3,1,2,1,1,0,0,0,0,0,0,0,2,0,2
0017,042498,Kurjhan,146,47,99,145,47,98,1,0,1,0,0,0,0,0,0,116,43,73,115,43,72,1,0,1,0,0,0,0,0,0,30,4,26,30,4,26,0,0,0,0,0,0,0,0,0
0017,042499,Kwili,27,17,10,9,4,5,0,0,0,0,0,0,18,13,5,26,16,10,8,3,5,0,0,0,0,0,0,18,13,5,1,1,0,1,1,0,0,0,0,0,0,0,0,0,0
0017,042500,Dharkot,120,32,88,110,24,86,1,0,1,0,0,0,9,8,1,100,23,77,92,17,75,1,0,1,0,0,0,7,6,1,20,9,11,18,7,11,0,0,0,0,0,0,2,2,0
0017,042501,Bhair Gaon,25,6,19,24,6,18,0,0,0,0,0,0,1,0,1,24,5,19,23,5,18,0,0,0,0,0,0,1,0,1,1,1,0,1,1,0,0,0,0,0,0,0,0,0,0
0017,042502,Nirwali,1,0,1,1,0,1,0,0,0,0,0,0,0,0,0,1,0,1,1,0,1,0,0,0,0,0,0,0,0,0,0,0,0,0,0,0,0,0,0,0,0,0,0,0,0
0017,042503,Jhirmoli,0,0,0,0,0,0,0,0,0,0,0,0,0,0,0,0,0,0,0,0,0,0,0,0,0,0,0,0,0,0,0,0,0,0,0,0,0,0,0,0,0,0,0,0,0
0017,042504,Punar,61,33,28,22,10,12,1,1,0,0,0,0,38,22,16,39,22,17,8,4,4,1,1,0,0,0,0,30,17,13,22,11,11,14,6,8,0,0,0,0,0,0,8,5,3
0017,042505,Barsu,0,0,0,0,0,0,0,0,0,0,0,0,0,0,0,0,0,0,0,0,0,0,0,0,0,0,0,0,0,0,0,0,0,0,0,0,0,0,0,0,0,0,0,0,0
0017,042506,Toona,356,122,234,346,115,231,0,0,0,1,1,0,9,6,3,48,17,31,41,12,29,0,0,0,1,1,0,6,4,2,308,105,203,305,103,202,0,0,0,0,0,0,3,2,1
0017,042507,Gwar Thapali,192,55,137,130,1,129,0,0,0,0,0,0,62,54,8,68,51,17,13,1,12,0,0,0,0,0,0,55,50,5,124,4,120,117,0,117,0,0,0,0,0,0,7,4,3
0017,042508,Lameri,2,0,2,2,0,2,0,0,0,0,0,0,0,0,0,1,0,1,1,0,1,0,0,0,0,0,0,0,0,0,1,0,1,1,0,1,0,0,0,0,0,0,0,0,0
0017,042509,Tilani,45,16,29,45,16,29,0,0,0,0,0,0,0,0,0,16,6,10,16,6,10,0,0,0,0,0,0,0,0,0,29,10,19,29,10,19,0,0,0,0,0,0,0,0,0
0017,042510,Sumerpur,53,10,43,53,10,43,0,0,0,0,0,0,0,0,0,50,10,40,50,10,40,0,0,0,0,0,0,0,0,0,3,0,3,3,0,3,0,0,0,0,0,0,0,0,0
0017,042511,Dungri,71,23,48,67,23,44,0,0,0,0,0,0,4,0,4,55,18,37,51,18,33,0,0,0,0,0,0,4,0,4,16,5,11,16,5,11,0,0,0,0,0,0,0,0,0
0017,042512,Lugai,25,9,16,24,8,16,0,0,0,0,0,0,1,1,0,19,7,12,19,7,12,0,0,0,0,0,0,0,0,0,6,2,4,5,1,4,0,0,0,0,0,0,1,1,0
0017,042513,Ratura,379,134,245,334,96,238,4,0,4,0,0,0,41,38,3,344,119,225,308,89,219,4,0,4,0,0,0,32,30,2,35,15,20,26,7,19,0,0,0,0,0,0,9,8,1
0017,042514,Dhartoli,0,0,0,0,0,0,0,0,0,0,0,0,0,0,0,0,0,0,0,0,0,0,0,0,0,0,0,0,0,0,0,0,0,0,0,0,0,0,0,0,0,0,0,0,0
0017,042515,Pokhari,8,7,1,0,0,0,8,7,1,0,0,0,0,0,0,8,7,1,0,0,0,8,7,1,0,0,0,0,0,0,0,0,0,0,0,0,0,0,0,0,0,0,0,0,0
0017,042516,Gadora,17,15,2,1,1,0,0,0,0,3,3,0,13,11,2,12,12,0,1,1,0,0,0,0,3,3,0,8,8,0,5,3,2,0,0,0,0,0,0,0,0,0,5,3,2
0017,042517,Bankhil,12,6,6,12,6,6,0,0,0,0,0,0,0,0,0,8,4,4,8,4,4,0,0,0,0,0,0,0,0,0,4,2,2,4,2,2,0,0,0,0,0,0,0,0,0
0017,042518,Kalana,249,102,147,248,101,147,0,0,0,0,0,0,1,1,0,249,102,147,248,101,147,0,0,0,0,0,0,1,1,0,0,0,0,0,0,0,0,0,0,0,0,0,0,0,0
0017,042519,Saur Laga Kalna,21,9,12,21,9,12,0,0,0,0,0,0,0,0,0,20,9,11,20,9,11,0,0,0,0,0,0,0,0,0,1,0,1,1,0,1,0,0,0,0,0,0,0,0,0
0017,042520,Shiwnandi,0,0,0,0,0,0,0,0,0,0,0,0,0,0,0,0,0,0,0,0,0,0,0,0,0,0,0,0,0,0,0,0,0,0,0,0,0,0,0,0,0,0,0,0,0
0017,042521,Chiwai,2,2,0,0,0,0,0,0,0,0,0,0,2,2,0,2,2,0,0,0,0,0,0,0,0,0,0,2,2,0,0,0,0,0,0,0,0,0,0,0,0,0,0,0,0
0017,042522,Simtoli,42,38,4,40,37,3,1,1,0,0,0,0,1,0,1,42,38,4,40,37,3,1,1,0,0,0,0,1,0,1,0,0,0,0,0,0,0,0,0,0,0,0,0,0,0
0017,042523,Kanda,7,3,4,7,3,4,0,0,0,0,0,0,0,0,0,6,3,3,6,3,3,0,0,0,0,0,0,0,0,0,1,0,1,1,0,1,0,0,0,0,0,0,0,0,0
0017,042524,Bhunka Walla,104,42,62,101,40,61,1,0,1,0,0,0,2,2,0,104,42,62,101,40,61,1,0,1,0,0,0,2,2,0,0,0,0,0,0,0,0,0,0,0,0,0,0,0,0
0017,042525,Dhadhad Chak,0,0,0,0,0,0,0,0,0,0,0,0,0,0,0,0,0,0,0,0,0,0,0,0,0,0,0,0,0,0,0,0,0,0,0,0,0,0,0,0,0,0,0,0,0
0017,042526,Gwapher,119,28,91,111,28,83,7,0,7,0,0,0,1,0,1,117,27,90,109,27,82,7,0,7,0,0,0,1,0,1,2,1,1,2,1,1,0,0,0,0,0,0,0,0,0
0017,042527,Kyarki,71,19,52,71,19,52,0,0,0,0,0,0,0,0,0,71,19,52,71,19,52,0,0,0,0,0,0,0,0,0,0,0,0,0,0,0,0,0,0,0,0,0,0,0,0
0017,042528,Sweensera,0,0,0,0,0,0,0,0,0,0,0,0,0,0,0,0,0,0,0,0,0,0,0,0,0,0,0,0,0,0,0,0,0,0,0,0,0,0,0,0,0,0,0,0,0
0017,042529,Khari,41,13,28,39,11,28,0,0,0,0,0,0,2,2,0,41,13,28,39,11,28,0,0,0,0,0,0,2,2,0,0,0,0,0,0,0,0,0,0,0,0,0,0,0,0
0017,042530,Ghandiyalka,39,11,28,39,11,28,0,0,0,0,0,0,0,0,0,39,11,28,39,11,28,0,0,0,0,0,0,0,0,0,0,0,0,0,0,0,0,0,0,0,0,0,0,0,0
0017,042531,Beeron,189,52,137,187,50,137,0,0,0,0,0,0,2,2,0,158,42,116,156,40,116,0,0,0,0,0,0,2,2,0,31,10,21,31,10,21,0,0,0,0,0,0,0,0,0
0017,042532,Loli,12,5,7,9,3,6,3,2,1,0,0,0,0,0,0,12,5,7,9,3,6,3,2,1,0,0,0,0,0,0,0,0,0,0,0,0,0,0,0,0,0,0,0,0,0
0017,042533,Chwinth,103,17,86,98,13,85,0,0,0,2,1,1,3,3,0,39,15,24,35,11,24,0,0,0,1,1,0,3,3,0,64,2,62,63,2,61,0,0,0,1,0,1,0,0,0
0017,042534,Ranigarh,2,1,1,2,1,1,0,0,0,0,0,0,0,0,0,2,1,1,2,1,1,0,0,0,0,0,0,0,0,0,0,0,0,0,0,0,0,0,0,0,0,0,0,0,0
0017,042535,Gwar Laga Punar,52,14,38,52,14,38,0,0,0,0,0,0,0,0,0,8,3,5,8,3,5,0,0,0,0,0,0,0,0,0,44,11,33,44,11,33,0,0,0,0,0,0,0,0,0
0017,042536,Chin Gwar,115,38,77,75,3,72,1,1,0,1,1,0,38,33,5,60,25,35,35,0,35,1,1,0,1,1,0,23,23,0,55,13,42,40,3,37,0,0,0,0,0,0,15,10,5
0017,042537,Peera,75,31,44,3,2,1,0,0,0,5,2,3,67,27,40,25,20,5,2,1,1,0,0,0,4,2,2,19,17,2,50,11,39,1,1,0,0,0,0,1,0,1,48,10,38
0017,042538,Paboun,248,100,148,248,100,148,0,0,0,0,0,0,0,0,0,23,9,14,23,9,14,0,0,0,0,0,0,0,0,0,225,91,134,225,91,134,0,0,0,0,0,0,0,0,0
0017,042539,Khair Pani,5,4,1,1,0,1,0,0,0,0,0,0,4,4,0,5,4,1,1,0,1,0,0,0,0,0,0,4,4,0,0,0,0,0,0,0,0,0,0,0,0,0,0,0,0
0017,042540,Bhunka Palla,48,14,34,48,14,34,0,0,0,0,0,0,0,0,0,48,14,34,48,14,34,0,0,0,0,0,0,0,0,0,0,0,0,0,0,0,0,0,0,0,0,0,0,0,0
0017,042541,Agar Jawari,228,75,153,217,67,150,9,6,3,0,0,0,2,2,0,204,68,136,197,61,136,5,5,0,0,0,0,2,2,0,24,7,17,20,6,14,4,1,3,0,0,0,0,0,0
0017,042542,Talgad,0,0,0,0,0,0,0,0,0,0,0,0,0,0,0,0,0,0,0,0,0,0,0,0,0,0,0,0,0,0,0,0,0,0,0,0,0,0,0,0,0,0,0,0,0
0017,042543,Kyudi Malansh,1,1,0,1,1,0,0,0,0,0,0,0,0,0,0,1,1,0,1,1,0,0,0,0,0,0,0,0,0,0,0,0,0,0,0,0,0,0,0,0,0,0,0,0,0
0017,042544,Dhung,108,41,67,108,41,67,0,0,0,0,0,0,0,0,0,65,21,44,65,21,44,0,0,0,0,0,0,0,0,0,43,20,23,43,20,23,0,0,0,0,0,0,0,0,0
0017,042545,Jarmwar,26,12,14,25,11,14,0,0,0,1,1,0,0,0,0,22,10,12,22,10,12,0,0,0,0,0,0,0,0,0,4,2,2,3,1,2,0,0,0,1,1,0,0,0,0
0017,042546,Kokhandi,0,0,0,0,0,0,0,0,0,0,0,0,0,0,0,0,0,0,0,0,0,0,0,0,0,0,0,0,0,0,0,0,0,0,0,0,0,0,0,0,0,0,0,0,0
0017,042547,Kandai Bainji,615,299,316,417,192,225,1,0,1,1,0,1,196,107,89,615,299,316,417,192,225,1,0,1,1,0,1,196,107,89,0,0,0,0,0,0,0,0,0,0,0,0,0,0,0
0017,042548,Mahar Talla,46,26,20,44,24,20,0,0,0,0,0,0,2,2,0,34,17,17,32,15,17,0,0,0,0,0,0,2,2,0,12,9,3,12,9,3,0,0,0,0,0,0,0,0,0
0017,042549,Thapal Gaon,256,99,157,206,65,141,22,12,10,14,9,5,14,13,1,254,98,156,206,65,141,20,11,9,14,9,5,14,13,1,2,1,1,0,0,0,2,1,1,0,0,0,0,0,0
0017,042550,Bora Malla,82,34,48,82,34,48,0,0,0,0,0,0,0,0,0,58,23,35,58,23,35,0,0,0,0,0,0,0,0,0,24,11,13,24,11,13,0,0,0,0,0,0,0,0,0
0017,042551,Mahar Malla,145,78,67,143,76,67,0,0,0,0,0,0,2,2,0,104,48,56,103,47,56,0,0,0,0,0,0,1,1,0,41,30,11,40,29,11,0,0,0,0,0,0,1,1,0
0017,042552,Jangi Kandai,27,17,10,25,15,10,0,0,0,0,0,0,2,2,0,26,16,10,25,15,10,0,0,0,0,0,0,1,1,0,1,1,0,0,0,0,0,0,0,0,0,0,1,1,0
0017,042553,Baman Thapal,84,14,70,81,12,69,2,1,1,0,0,0,1,1,0,84,14,70,81,12,69,2,1,1,0,0,0,1,1,0,0,0,0,0,0,0,0,0,0,0,0,0,0,0,0
0017,042554,Isala,152,41,111,141,35,106,0,0,0,2,1,1,9,5,4,43,22,21,32,16,16,0,0,0,2,1,1,9,5,4,109,19,90,109,19,90,0,0,0,0,0,0,0,0,0
0017,042555,Bora Talla,69,29,40,69,29,40,0,0,0,0,0,0,0,0,0,53,20,33,53,20,33,0,0,0,0,0,0,0,0,0,16,9,7,16,9,7,0,0,0,0,0,0,0,0,0
0017,042556,Bijarakot,41,33,8,1,1,0,0,0,0,0,0,0,40,32,8,13,13,0,0,0,0,0,0,0,0,0,0,13,13,0,28,20,8,1,1,0,0,0,0,0,0,0,27,19,8
0017,042557,Gair Laga Bijarakot,0,0,0,0,0,0,0,0,0,0,0,0,0,0,0,0,0,0,0,0,0,0,0,0,0,0,0,0,0,0,0,0,0,0,0,0,0,0,0,0,0,0,0,0,0
0017,042558,Gwar Laga Bijarakot,0,0,0,0,0,0,0,0,0,0,0,0,0,0,0,0,0,0,0,0,0,0,0,0,0,0,0,0,0,0,0,0,0,0,0,0,0,0,0,0,0,0,0,0,0
0017,042559,Nagdanda,56,11,45,53,9,44,1,0,1,0,0,0,2,2,0,55,10,45,52,8,44,1,0,1,0,0,0,2,2,0,1,1,0,1,1,0,0,0,0,0,0,0,0,0,0
0017,042560,Sari,214,45,169,209,42,167,0,0,0,0,0,0,5,3,2,214,45,169,209,42,167,0,0,0,0,0,0,5,3,2,0,0,0,0,0,0,0,0,0,0,0,0,0,0,0
0017,042561,Chamsil,42,13,29,42,13,29,0,0,0,0,0,0,0,0,0,42,13,29,42,13,29,0,0,0,0,0,0,0,0,0,0,0,0,0,0,0,0,0,0,0,0,0,0,0,0
0017,042562,Jhalimath,37,14,23,37,14,23,0,0,0,0,0,0,0,0,0,37,14,23,37,14,23,0,0,0,0,0,0,0,0,0,0,0,0,0,0,0,0,0,0,0,0,0,0,0,0
0017,042563,Sindarwani Malli,18,13,5,3,1,2,1,1,0,0,0,0,14,11,3,16,11,5,2,0,2,1,1,0,0,0,0,13,10,3,2,2,0,1,1,0,0,0,0,0,0,0,1,1,0
0017,042564,Narsu Lagasari,2,2,0,0,0,0,0,0,0,0,0,0,2,2,0,1,1,0,0,0,0,0,0,0,0,0,0,1,1,0,1,1,0,0,0,0,0,0,0,0,0,0,1,1,0
0017,042565,Nag Lagasari,15,14,1,0,0,0,0,0,0,1,1,0,14,13,1,8,7,1,0,0,0,0,0,0,1,1,0,7,6,1,7,7,0,0,0,0,0,0,0,0,0,0,7,7,0
0017,042566,Sindarwani Talli,14,9,5,8,3,5,0,0,0,0,0,0,6,6,0,12,7,5,7,2,5,0,0,0,0,0,0,5,5,0,2,2,0,1,1,0,0,0,0,0,0,0,1,1,0
0017,042567,Chhinka,75,30,45,57,13,44,0,0,0,0,0,0,18,17,1,74,30,44,56,13,43,0,0,0,0,0,0,18,17,1,1,0,1,1,0,1,0,0,0,0,0,0,0,0,0
0017,042568,Kothagi,312,100,212,308,97,211,2,1,1,2,2,0,0,0,0,310,99,211,307,97,210,2,1,1,1,1,0,0,0,0,2,1,1,1,0,1,0,0,0,1,1,0,0,0,0
0017,042569,Madola,110,24,86,108,22,86,0,0,0,0,0,0,2,2,0,109,24,85,107,22,85,0,0,0,0,0,0,2,2,0,1,0,1,1,0,1,0,0,0,0,0,0,0,0,0
0017,042570,Bhatwari,2,0,2,2,0,2,0,0,0,0,0,0,0,0,0,2,0,2,2,0,2,0,0,0,0,0,0,0,0,0,0,0,0,0,0,0,0,0,0,0,0,0,0,0,0
0017,042571,Koti Barkoti,52,14,38,52,14,38,0,0,0,0,0,0,0,0,0,52,14,38,52,14,38,0,0,0,0,0,0,0,0,0,0,0,0,0,0,0,0,0,0,0,0,0,0,0,0
0017,042572,Dobh Laga Marora,6,6,0,0,0,0,0,0,0,1,1,0,5,5,0,6,6,0,0,0,0,0,0,0,1,1,0,5,5,0,0,0,0,0,0,0,0,0,0,0,0,0,0,0,0
0017,042573,Marora,15,9,6,3,2,1,0,0,0,0,0,0,12,7,5,12,9,3,3,2,1,0,0,0,0,0,0,9,7,2,3,0,3,0,0,0,0,0,0,0,0,0,3,0,3
0017,042574,Mawana,37,21,16,9,1,8,5,3,2,3,3,0,20,14,6,33,19,14,8,1,7,5,3,2,1,1,0,19,14,5,4,2,2,1,0,1,0,0,0,2,2,0,1,0,1
0017,042575,Nagrasu,147,78,69,11,6,5,17,9,8,2,2,0,117,61,56,142,76,66,9,5,4,17,9,8,1,1,0,115,61,54,5,2,3,2,1,1,0,0,0,1,1,0,2,0,2
0017,042576,Bhat Gaon,16,11,5,0,0,0,0,0,0,0,0,0,16,11,5,16,11,5,0,0,0,0,0,0,0,0,0,16,11,5,0,0,0,0,0,0,0,0,0,0,0,0,0,0,0
0017,042577,Beena,172,55,117,162,47,115,0,0,0,0,0,0,10,8,2,160,52,108,150,44,106,0,0,0,0,0,0,10,8,2,12,3,9,12,3,9,0,0,0,0,0,0,0,0,0
0017,042578,Kot Malla,60,31,29,55,29,26,2,1,1,0,0,0,3,1,2,55,30,25,50,28,22,2,1,1,0,0,0,3,1,2,5,1,4,5,1,4,0,0,0,0,0,0,0,0,0
0017,042579,Ghiroli,13,7,6,13,7,6,0,0,0,0,0,0,0,0,0,12,6,6,12,6,6,0,0,0,0,0,0,0,0,0,1,1,0,1,1,0,0,0,0,0,0,0,0,0,0
0017,042580,Kot Talla,102,34,68,97,31,66,4,2,2,0,0,0,1,1,0,66,24,42,62,22,40,4,2,2,0,0,0,0,0,0,36,10,26,35,9,26,0,0,0,0,0,0,1,1,0
0017,042581,Kharkota,23,6,17,23,6,17,0,0,0,0,0,0,0,0,0,23,6,17,23,6,17,0,0,0,0,0,0,0,0,0,0,0,0,0,0,0,0,0,0,0,0,0,0,0,0
0017,042582,Jasoli,124,41,83,83,21,62,29,13,16,0,0,0,12,7,5,121,41,80,81,21,60,29,13,16,0,0,0,11,7,4,3,0,3,2,0,2,0,0,0,0,0,0,1,0,1
0017,042583,Tolgaon,2,2,0,0,0,0,0,0,0,0,0,0,2,2,0,2,2,0,0,0,0,0,0,0,0,0,0,2,2,0,0,0,0,0,0,0,0,0,0,0,0,0,0,0,0
0017,042584,Kodima,77,48,29,71,43,28,0,0,0,0,0,0,6,5,1,37,9,28,33,6,27,0,0,0,0,0,0,4,3,1,40,39,1,38,37,1,0,0,0,0,0,0,2,2,0
0017,042585,Langala Lagaladoli,0,0,0,0,0,0,0,0,0,0,0,0,0,0,0,0,0,0,0,0,0,0,0,0,0,0,0,0,0,0,0,0,0,0,0,0,0,0,0,0,0,0,0,0,0
0017,042586,Mola,20,6,14,20,6,14,0,0,0,0,0,0,0,0,0,16,4,12,16,4,12,0,0,0,0,0,0,0,0,0,4,2,2,4,2,2,0,0,0,0,0,0,0,0,0
0017,042587,Chori Laga Ghorsal,0,0,0,0,0,0,0,0,0,0,0,0,0,0,0,0,0,0,0,0,0,0,0,0,0,0,0,0,0,0,0,0,0,0,0,0,0,0,0,0,0,0,0,0,0
0017,042588,Sitakoti,0,0,0,0,0,0,0,0,0,0,0,0,0,0,0,0,0,0,0,0,0,0,0,0,0,0,0,0,0,0,0,0,0,0,0,0,0,0,0,0,0,0,0,0,0
0017,042589,Diwli,5,2,3,2,0,2,0,0,0,2,1,1,1,1,0,5,2,3,2,0,2,0,0,0,2,1,1,1,1,0,0,0,0,0,0,0,0,0,0,0,0,0,0,0,0
0017,042590,Ladoli,105,25,80,98,20,78,6,4,2,0,0,0,1,1,0,105,25,80,98,20,78,6,4,2,0,0,0,1,1,0,0,0,0,0,0,0,0,0,0,0,0,0,0,0,0
0017,042591,Kwali,85,27,58,74,19,55,0,0,0,0,0,0,11,8,3,85,27,58,74,19,55,0,0,0,0,0,0,11,8,3,0,0,0,0,0,0,0,0,0,0,0,0,0,0,0
0017,042592,Toriyal,1,1,0,0,0,0,0,0,0,1,1,0,0,0,0,0,0,0,0,0,0,0,0,0,0,0,0,0,0,0,1,1,0,0,0,0,0,0,0,1,1,0,0,0,0
0017,042593,Ghorsal,25,11,14,10,0,10,0,0,0,2,2,0,13,9,4,20,9,11,8,0,8,0,0,0,1,1,0,11,8,3,5,2,3,2,0,2,0,0,0,1,1,0,2,1,1
0017,042594,Gadboo,3,1,2,2,0,2,0,0,0,0,0,0,1,1,0,3,1,2,2,0,2,0,0,0,0,0,0,1,1,0,0,0,0,0,0,0,0,0,0,0,0,0,0,0,0
0017,042595,Raintoli,0,0,0,0,0,0,0,0,0,0,0,0,0,0,0,0,0,0,0,0,0,0,0,0,0,0,0,0,0,0,0,0,0,0,0,0,0,0,0,0,0,0,0,0,0
0018,000000,Jakholi,10417,4353,6064,8574,3132,5442,553,236,317,103,58,45,1187,927,260,8267,3377,4890,6829,2471,4358,527,222,305,70,39,31,841,645,196,2150,976,1174,1745,661,1084,26,14,12,33,19,14,346,282,64
0018,000000,Jakholi,10417,4353,6064,8574,3132,5442,553,236,317,103,58,45,1187,927,260,8267,3377,4890,6829,2471,4358,527,222,305,70,39,31,841,645,196,2150,976,1174,1745,661,1084,26,14,12,33,19,14,346,282,64
0018,000000,Jakholi,0,0,0,0,0,0,0,0,0,0,0,0,0,0,0,0,0,0,0,0,0,0,0,0,0,0,0,0,0,0,0,0,0,0,0,0,0,0,0,0,0,0,0,0,0
0018,042302,Mosar,147,48,99,113,35,78,7,2,5,3,0,3,24,11,13,136,46,90,105,33,72,7,2,5,1,0,1,23,11,12,11,2,9,8,2,6,0,0,0,2,0,2,1,0,1
0018,042303,Mahar Gaon,66,16,50,64,15,49,1,0,1,0,0,0,1,1,0,63,15,48,61,14,47,1,0,1,0,0,0,1,1,0,3,1,2,3,1,2,0,0,0,0,0,0,0,0,0
0018,042304,Math Gaon,56,20,36,31,6,25,0,0,0,0,0,0,25,14,11,49,17,32,29,6,23,0,0,0,0,0,0,20,11,9,7,3,4,2,0,2,0,0,0,0,0,0,5,3,2
0018,042305,Saunda,2,1,1,1,0,1,0,0,0,0,0,0,1,1,0,2,1,1,1,0,1,0,0,0,0,0,0,1,1,0,0,0,0,0,0,0,0,0,0,0,0,0,0,0,0
0018,042306,Sakanyana,60,22,38,53,17,36,0,0,0,0,0,0,7,5,2,28,8,20,21,3,18,0,0,0,0,0,0,7,5,2,32,14,18,32,14,18,0,0,0,0,0,0,0,0,0
0018,042307,Thapala,15,9,6,12,8,4,0,0,0,0,0,0,3,1,2,11,7,4,8,6,2,0,0,0,0,0,0,3,1,2,4,2,2,4,2,2,0,0,0,0,0,0,0,0,0
0018,042308,Timali,22,5,17,15,3,12,3,0,3,1,1,0,3,1,2,22,5,17,15,3,12,3,0,3,1,1,0,3,1,2,0,0,0,0,0,0,0,0,0,0,0,0,0,0,0
0018,042309,Dhaunda,372,146,226,5,1,4,363,142,221,1,1,0,3,2,1,371,145,226,4,0,4,363,142,221,1,1,0,3,2,1,1,1,0,1,1,0,0,0,0,0,0,0,0,0,0
0018,042310,Chaura Sirai,28,18,10,24,16,8,0,0,0,0,0,0,4,2,2,7,5,2,3,3,0,0,0,0,0,0,0,4,2,2,21,13,8,21,13,8,0,0,0,0,0,0,0,0,0
0018,042311,Bhyuta,75,28,47,74,27,47,0,0,0,1,1,0,0,0,0,1,1,0,0,0,0,0,0,0,1,1,0,0,0,0,74,27,47,74,27,47,0,0,0,0,0,0,0,0,0
0018,042312,Kaphna,19,15,4,19,15,4,0,0,0,0,0,0,0,0,0,19,15,4,19,15,4,0,0,0,0,0,0,0,0,0,0,0,0,0,0,0,0,0,0,0,0,0,0,0,0
0018,042313,Saurakhal,254,95,159,249,93,156,3,0,3,0,0,0,2,2,0,254,95,159,249,93,156,3,0,3,0,0,0,2,2,0,0,0,0,0,0,0,0,0,0,0,0,0,0,0,0
0018,042314,Satani,150,33,117,141,24,117,0,0,0,0,0,0,9,9,0,145,32,113,136,23,113,0,0,0,0,0,0,9,9,0,5,1,4,5,1,4,0,0,0,0,0,0,0,0,0
0018,042315,Syari,59,22,37,57,21,36,0,0,0,1,0,1,1,1,0,2,1,1,0,0,0,0,0,0,1,0,1,1,1,0,57,21,36,57,21,36,0,0,0,0,0,0,0,0,0
0018,042316,Khargad,98,30,68,95,27,68,0,0,0,0,0,0,3,3,0,73,27,46,70,24,46,0,0,0,0,0,0,3,3,0,25,3,22,25,3,22,0,0,0,0,0,0,0,0,0
0018,042317,Bansi,100,30,70,97,28,69,1,0,1,0,0,0,2,2,0,99,29,70,96,27,69,1,0,1,0,0,0,2,2,0,1,1,0,1,1,0,0,0,0,0,0,0,0,0,0
0018,042318,Sera,3,3,0,3,3,0,0,0,0,0,0,0,0,0,0,2,2,0,2,2,0,0,0,0,0,0,0,0,0,0,1,1,0,1,1,0,0,0,0,0,0,0,0,0,0
0018,042319,Paparasu,63,21,42,62,21,41,0,0,0,0,0,0,1,0,1,0,0,0,0,0,0,0,0,0,0,0,0,0,0,0,63,21,42,62,21,41,0,0,0,0,0,0,1,0,1
0018,042392,Semalta,24,10,14,3,0,3,0,0,0,0,0,0,21,10,11,4,1,3,3,0,3,0,0,0,0,0,0,1,1,0,20,9,11,0,0,0,0,0,0,0,0,0,20,9,11
0018,042393,Gawana,84,24,60,76,17,59,0,0,0,0,0,0,8,7,1,62,14,48,54,7,47,0,0,0,0,0,0,8,7,1,22,10,12,22,10,12,0,0,0,0,0,0,0,0,0
0018,042394,Dungari,10,5,5,3,1,2,0,0,0,0,0,0,7,4,3,10,5,5,3,1,2,0,0,0,0,0,0,7,4,3,0,0,0,0,0,0,0,0,0,0,0,0,0,0,0
0018,042395,Swili,9,9,0,7,7,0,0,0,0,0,0,0,2,2,0,9,9,0,7,7,0,0,0,0,0,0,0,2,2,0,0,0,0,0,0,0,0,0,0,0,0,0,0,0,0
0018,042396,Lendar Urf Sem,3,3,0,1,1,0,0,0,0,0,0,0,2,2,0,3,3,0,1,1,0,0,0,0,0,0,0,2,2,0,0,0,0,0,0,0,0,0,0,0,0,0,0,0,0
0018,042397,Tarwari,3,3,0,1,1,0,0,0,0,0,0,0,2,2,0,2,2,0,0,0,0,0,0,0,0,0,0,2,2,0,1,1,0,1,1,0,0,0,0,0,0,0,0,0,0
0018,042398,Jawari,77,60,17,23,8,15,0,0,0,1,1,0,53,51,2,33,18,15,20,6,14,0,0,0,1,1,0,12,11,1,44,42,2,3,2,1,0,0,0,0,0,0,41,40,1
0018,042399,Dharmola,323,168,155,171,19,152,0,0,0,2,2,0,150,147,3,217,84,133,140,8,132,0,0,0,2,2,0,75,74,1,106,84,22,31,11,20,0,0,0,0,0,0,75,73,2
0018,042400,Dungra,31,15,16,31,15,16,0,0,0,0,0,0,0,0,0,31,15,16,31,15,16,0,0,0,0,0,0,0,0,0,0,0,0,0,0,0,0,0,0,0,0,0,0,0,0
0018,042401,Routhiya,0,0,0,0,0,0,0,0,0,0,0,0,0,0,0,0,0,0,0,0,0,0,0,0,0,0,0,0,0,0,0,0,0,0,0,0,0,0,0,0,0,0,0,0,0
0018,042402,Kotali,0,0,0,0,0,0,0,0,0,0,0,0,0,0,0,0,0,0,0,0,0,0,0,0,0,0,0,0,0,0,0,0,0,0,0,0,0,0,0,0,0,0,0,0,0
0018,042403,Malyasu Talla,4,2,2,4,2,2,0,0,0,0,0,0,0,0,0,4,2,2,4,2,2,0,0,0,0,0,0,0,0,0,0,0,0,0,0,0,0,0,0,0,0,0,0,0,0
0018,042404,Malyasu Malla,0,0,0,0,0,0,0,0,0,0,0,0,0,0,0,0,0,0,0,0,0,0,0,0,0,0,0,0,0,0,0,0,0,0,0,0,0,0,0,0,0,0,0,0,0
0018,042604,Pala Kurali,66,34,32,60,30,30,0,0,0,0,0,0,6,4,2,66,34,32,60,30,30,0,0,0,0,0,0,6,4,2,0,0,0,0,0,0,0,0,0,0,0,0,0,0,0
0018,042605,Uchhana,1,0,1,1,0,1,0,0,0,0,0,0,0,0,0,0,0,0,0,0,0,0,0,0,0,0,0,0,0,0,1,0,1,1,0,1,0,0,0,0,0,0,0,0,0
0018,042606,Goti,85,47,38,67,30,37,0,0,0,0,0,0,18,17,1,26,22,4,16,12,4,0,0,0,0,0,0,10,10,0,59,25,34,51,18,33,0,0,0,0,0,0,8,7,1
0018,042607,Uroli,4,2,2,4,2,2,0,0,0,0,0,0,0,0,0,1,0,1,1,0,1,0,0,0,0,0,0,0,0,0,3,2,1,3,2,1,0,0,0,0,0,0,0,0,0
0018,042608,Dhan Kurali,13,10,3,9,6,3,0,0,0,0,0,0,4,4,0,12,9,3,8,5,3,0,0,0,0,0,0,4,4,0,1,1,0,1,1,0,0,0,0,0,0,0,0,0,0
0018,042609,Bajira,268,93,175,265,91,174,1,0,1,0,0,0,2,2,0,209,74,135,206,72,134,1,0,1,0,0,0,2,2,0,59,19,40,59,19,40,0,0,0,0,0,0,0,0,0
0018,042610,Syal Dhuri,33,7,26,27,7,20,0,0,0,0,0,0,6,0,6,32,7,25,27,7,20,0,0,0,0,0,0,5,0,5,1,0,1,0,0,0,0,0,0,0,0,0,1,0,1
0018,042611,Mamani,0,0,0,0,0,0,0,0,0,0,0,0,0,0,0,0,0,0,0,0,0,0,0,0,0,0,0,0,0,0,0,0,0,0,0,0,0,0,0,0,0,0,0,0,0
0018,042612,Dhanyau,62,25,37,60,23,37,1,1,0,1,1,0,0,0,0,35,13,22,33,11,22,1,1,0,1,1,0,0,0,0,27,12,15,27,12,15,0,0,0,0,0,0,0,0,0
0018,042613,Budna,51,13,38,43,8,35,2,1,1,0,0,0,6,4,2,50,12,38,43,8,35,1,0,1,0,0,0,6,4,2,1,1,0,0,0,0,1,1,0,0,0,0,0,0,0
0018,042614,Mahargoan,46,9,37,19,2,17,22,6,16,1,0,1,4,1,3,44,9,35,19,2,17,21,6,15,1,0,1,3,1,2,2,0,2,0,0,0,1,0,1,0,0,0,1,0,1
0018,042615,Jakholi,89,75,14,2,1,1,2,2,0,0,0,0,85,72,13,60,56,4,2,1,1,0,0,0,0,0,0,58,55,3,29,19,10,0,0,0,2,2,0,0,0,0,27,17,10
0018,042616,Bachwar,4,0,4,1,0,1,0,0,0,1,0,1,2,0,2,4,0,4,1,0,1,0,0,0,1,0,1,2,0,2,0,0,0,0,0,0,0,0,0,0,0,0,0,0,0
0018,042617,Paurjuli,1,1,0,0,0,0,0,0,0,0,0,0,1,1,0,1,1,0,0,0,0,0,0,0,0,0,0,1,1,0,0,0,0,0,0,0,0,0,0,0,0,0,0,0,0
0018,042618,Sirahi,0,0,0,0,0,0,0,0,0,0,0,0,0,0,0,0,0,0,0,0,0,0,0,0,0,0,0,0,0,0,0,0,0,0,0,0,0,0,0,0,0,0,0,0,0
0018,042619,Barsir,8,8,0,0,0,0,0,0,0,2,2,0,6,6,0,8,8,0,0,0,0,0,0,0,2,2,0,6,6,0,0,0,0,0,0,0,0,0,0,0,0,0,0,0,0
0018,042620,Chandi,6,1,5,1,0,1,0,0,0,0,0,0,5,1,4,6,1,5,1,0,1,0,0,0,0,0,0,5,1,4,0,0,0,0,0,0,0,0,0,0,0,0,0,0,0
0018,042621,Kothiyara,1,1,0,0,0,0,0,0,0,0,0,0,1,1,0,1,1,0,0,0,0,0,0,0,0,0,0,1,1,0,0,0,0,0,0,0,0,0,0,0,0,0,0,0,0
0018,042622,Kapaniya,7,3,4,2,0,2,5,3,2,0,0,0,0,0,0,5,1,4,2,0,2,3,1,2,0,0,0,0,0,0,2,2,0,0,0,0,2,2,0,0,0,0,0,0,0
0018,042623,Laluri,242,128,114,206,107,99,3,0,3,1,1,0,32,20,12,236,124,112,204,106,98,2,0,2,1,1,0,29,17,12,6,4,2,2,1,1,1,0,1,0,0,0,3,3,0
0018,042624,Dewal,70,32,38,56,20,36,1,1,0,13,11,2,0,0,0,47,23,24,37,14,23,1,1,0,9,8,1,0,0,0,23,9,14,19,6,13,0,0,0,4,3,1,0,0,0
0018,042625,Lamwar,17,9,8,6,2,4,0,0,0,8,4,4,3,3,0,17,9,8,6,2,4,0,0,0,8,4,4,3,3,0,0,0,0,0,0,0,0,0,0,0,0,0,0,0,0
0018,042626,Dharada,49,24,25,11,0,11,0,0,0,0,0,0,38,24,14,43,21,22,11,0,11,0,0,0,0,0,0,32,21,11,6,3,3,0,0,0,0,0,0,0,0,0,6,3,3
0018,042627,Koti,0,0,0,0,0,0,0,0,0,0,0,0,0,0,0,0,0,0,0,0,0,0,0,0,0,0,0,0,0,0,0,0,0,0,0,0,0,0,0,0,0,0,0,0,0
0018,042628,Luthiyag,481,278,203,448,261,187,11,8,3,5,2,3,17,7,10,474,276,198,443,259,184,11,8,3,3,2,1,17,7,10,7,2,5,5,2,3,0,0,0,2,0,2,0,0,0
0018,042629,Tyunkhar,53,34,19,15,11,4,0,0,0,0,0,0,38,23,15,53,34,19,15,11,4,0,0,0,0,0,0,38,23,15,0,0,0,0,0,0,0,0,0,0,0,0,0,0,0
0018,042630,Makhet,0,0,0,0,0,0,0,0,0,0,0,0,0,0,0,0,0,0,0,0,0,0,0,0,0,0,0,0,0,0,0,0,0,0,0,0,0,0,0,0,0,0,0,0,0
0018,042631,Mayali,19,17,2,1,1,0,0,0,0,0,0,0,18,16,2,16,14,2,1,1,0,0,0,0,0,0,0,15,13,2,3,3,0,0,0,0,0,0,0,0,0,0,3,3,0
0018,042632,Jakhani,0,0,0,0,0,0,0,0,0,0,0,0,0,0,0,0,0,0,0,0,0,0,0,0,0,0,0,0,0,0,0,0,0,0,0,0,0,0,0,0,0,0,0,0,0
0018,042633,Lauga,190,67,123,140,22,118,0,0,0,10,6,4,40,39,1,170,58,112,126,19,107,0,0,0,10,6,4,34,33,1,20,9,11,14,3,11,0,0,0,0,0,0,6,6,0
0018,042634,Sakalana,10,4,6,10,4,6,0,0,0,0,0,0,0,0,0,4,2,2,4,2,2,0,0,0,0,0,0,0,0,0,6,2,4,6,2,4,0,0,0,0,0,0,0,0,0
0018,042635,Badhani,30,13,17,29,12,17,0,0,0,0,0,0,1,1,0,25,9,16,24,8,16,0,0,0,0,0,0,1,1,0,5,4,1,5,4,1,0,0,0,0,0,0,0,0,0
0018,042636,Jagtoli,7,3,4,7,3,4,0,0,0,0,0,0,0,0,0,6,2,4,6,2,4,0,0,0,0,0,0,0,0,0,1,1,0,1,1,0,0,0,0,0,0,0,0,0,0
0018,042637,Gethana,122,72,50,122,72,50,0,0,0,0,0,0,0,0,0,78,50,28,78,50,28,0,0,0,0,0,0,0,0,0,44,22,22,44,22,22,0,0,0,0,0,0,0,0,0
0018,042638,Dhar Kuri,7,4,3,3,2,1,0,0,0,0,0,0,4,2,2,5,3,2,1,1,0,0,0,0,0,0,0,4,2,2,2,1,1,2,1,1,0,0,0,0,0,0,0,0,0
0018,042639,Kot,12,5,7,2,1,1,2,2,0,0,0,0,8,2,6,9,5,4,2,1,1,2,2,0,0,0,0,5,2,3,3,0,3,0,0,0,0,0,0,0,0,0,3,0,3
0018,042640,San,5,5,0,3,3,0,1,1,0,0,0,0,1,1,0,4,4,0,3,3,0,0,0,0,0,0,0,1,1,0,1,1,0,0,0,0,1,1,0,0,0,0,0,0,0
0018,042641,Sirwadi,515,267,248,510,265,245,0,0,0,3,1,2,2,1,1,382,208,174,378,207,171,0,0,0,3,1,2,1,0,1,133,59,74,132,58,74,0,0,0,0,0,0,1,1,0
0018,042642,Jakhawari Malli,175,70,105,163,65,98,6,1,5,1,0,1,5,4,1,165,65,100,154,60,94,6,1,5,1,0,1,4,4,0,10,5,5,9,5,4,0,0,0,0,0,0,1,0,1
0018,042643,Liswalta,24,17,7,22,15,7,0,0,0,0,0,0,2,2,0,21,16,5,19,14,5,0,0,0,0,0,0,2,2,0,3,1,2,3,1,2,0,0,0,0,0,0,0,0,0
0018,042644,Khaliyan,724,291,433,667,243,424,4,0,4,1,1,0,52,47,5,424,134,290,385,102,283,4,0,4,1,1,0,34,31,3,300,157,143,282,141,141,0,0,0,0,0,0,18,16,2
0018,042645,Jakhawari Talli,152,53,99,148,49,99,2,2,0,2,2,0,0,0,0,122,37,85,121,36,85,1,1,0,0,0,0,0,0,0,30,16,14,27,13,14,1,1,0,2,2,0,0,0,0
0018,042646,Pujar Gaon,167,57,110,167,57,110,0,0,0,0,0,0,0,0,0,125,40,85,125,40,85,0,0,0,0,0,0,0,0,0,42,17,25,42,17,25,0,0,0,0,0,0,0,0,0
0018,042647,Pulan,4,2,2,4,2,2,0,0,0,0,0,0,0,0,0,4,2,2,4,2,2,0,0,0,0,0,0,0,0,0,0,0,0,0,0,0,0,0,0,0,0,0,0,0,0
0018,042648,Munyadhar,145,75,70,138,71,67,3,2,1,0,0,0,4,2,2,145,75,70,138,71,67,3,2,1,0,0,0,4,2,2,0,0,0,0,0,0,0,0,0,0,0,0,0,0,0
0018,042649,Pauthi,0,0,0,0,0,0,0,0,0,0,0,0,0,0,0,0,0,0,0,0,0,0,0,0,0,0,0,0,0,0,0,0,0,0,0,0,0,0,0,0,0,0,0,0,0
0018,042650,Bhatwari,25,10,15,25,10,15,0,0,0,0,0,0,0,0,0,25,10,15,25,10,15,0,0,0,0,0,0,0,0,0,0,0,0,0,0,0,0,0,0,0,0,0,0,0,0
0018,042651,Chopara,62,21,41,30,10,20,6,0,6,21,8,13,5,3,2,34,12,22,17,6,11,5,0,5,7,3,4,5,3,2,28,9,19,13,4,9,1,0,1,14,5,9,0,0,0
0018,042652,Nandawan Gaon,0,0,0,0,0,0,0,0,0,0,0,0,0,0,0,0,0,0,0,0,0,0,0,0,0,0,0,0,0,0,0,0,0,0,0,0,0,0,0,0,0,0,0,0,0
0018,042653,Chaura,14,7,7,12,5,7,0,0,0,0,0,0,2,2,0,13,6,7,11,4,7,0,0,0,0,0,0,2,2,0,1,1,0,1,1,0,0,0,0,0,0,0,0,0,0
0018,042654,Kandiyali,1,1,0,1,1,0,0,0,0,0,0,0,0,0,0,0,0,0,0,0,0,0,0,0,0,0,0,0,0,0,1,1,0,1,1,0,0,0,0,0,0,0,0,0,0
0018,042655,Panjana,8,8,0,0,0,0,1,1,0,0,0,0,7,7,0,5,5,0,0,0,0,1,1,0,0,0,0,4,4,0,3,3,0,0,0,0,0,0,0,0,0,0,3,3,0
0018,042656,Uroli,0,0,0,0,0,0,0,0,0,0,0,0,0,0,0,0,0,0,0,0,0,0,0,0,0,0,0,0,0,0,0,0,0,0,0,0,0,0,0,0,0,0,0,0,0
0018,042657,Kurchholi,353,117,236,350,115,235,2,2,0,0,0,0,1,0,1,350,114,236,347,112,235,2,2,0,0,0,0,1,0,1,3,3,0,3,3,0,0,0,0,0,0,0,0,0,0
0018,042658,Rahar,0,0,0,0,0,0,0,0,0,0,0,0,0,0,0,0,0,0,0,0,0,0,0,0,0,0,0,0,0,0,0,0,0,0,0,0,0,0,0,0,0,0,0,0,0
0018,042659,Khal,0,0,0,0,0,0,0,0,0,0,0,0,0,0,0,0,0,0,0,0,0,0,0,0,0,0,0,0,0,0,0,0,0,0,0,0,0,0,0,0,0,0,0,0,0
0018,042660,Bagjiwala,1,0,1,0,0,0,1,0,1,0,0,0,0,0,0,1,0,1,0,0,0,1,0,1,0,0,0,0,0,0,0,0,0,0,0,0,0,0,0,0,0,0,0,0,0
0018,042661,Nag,91,26,65,59,2,57,0,0,0,0,0,0,32,24,8,80,24,56,53,2,51,0,0,0,0,0,0,27,22,5,11,2,9,6,0,6,0,0,0,0,0,0,5,2,3
0018,042662,Purwana,91,37,54,90,37,53,1,0,1,0,0,0,0,0,0,91,37,54,90,37,53,1,0,1,0,0,0,0,0,0,0,0,0,0,0,0,0,0,0,0,0,0,0,0,0
0018,042663,Dharkot,10,3,7,5,1,4,1,1,0,0,0,0,4,1,3,10,3,7,5,1,4,1,1,0,0,0,0,4,1,3,0,0,0,0,0,0,0,0,0,0,0,0,0,0,0
0018,042664,Atholi,11,1,10,9,0,9,0,0,0,0,0,0,2,1,1,10,1,9,8,0,8,0,0,0,0,0,0,2,1,1,1,0,1,1,0,1,0,0,0,0,0,0,0,0,0
0018,042665,Bharnga,1,1,0,0,0,0,0,0,0,1,1,0,0,0,0,0,0,0,0,0,0,0,0,0,0,0,0,0,0,0,1,1,0,0,0,0,0,0,0,1,1,0,0,0,0
0018,042666,Palot,0,0,0,0,0,0,0,0,0,0,0,0,0,0,0,0,0,0,0,0,0,0,0,0,0,0,0,0,0,0,0,0,0,0,0,0,0,0,0,0,0,0,0,0,0
0018,042667,Bainoli,0,0,0,0,0,0,0,0,0,0,0,0,0,0,0,0,0,0,0,0,0,0,0,0,0,0,0,0,0,0,0,0,0,0,0,0,0,0,0,0,0,0,0,0,0
0018,042668,Barshot,0,0,0,0,0,0,0,0,0,0,0,0,0,0,0,0,0,0,0,0,0,0,0,0,0,0,0,0,0,0,0,0,0,0,0,0,0,0,0,0,0,0,0,0,0
0018,042669,Biran Goan,1,1,0,0,0,0,0,0,0,0,0,0,1,1,0,1,1,0,0,0,0,0,0,0,0,0,0,1,1,0,0,0,0,0,0,0,0,0,0,0,0,0,0,0,0
0018,042670,Tuneta,0,0,0,0,0,0,0,0,0,0,0,0,0,0,0,0,0,0,0,0,0,0,0,0,0,0,0,0,0,0,0,0,0,0,0,0,0,0,0,0,0,0,0,0,0
0018,042671,Tariyal Gaon,3,2,1,3,2,1,0,0,0,0,0,0,0,0,0,3,2,1,3,2,1,0,0,0,0,0,0,0,0,0,0,0,0,0,0,0,0,0,0,0,0,0,0,0,0
0018,042672,Lariyasyu,0,0,0,0,0,0,0,0,0,0,0,0,0,0,0,0,0,0,0,0,0,0,0,0,0,0,0,0,0,0,0,0,0,0,0,0,0,0,0,0,0,0,0,0,0
0018,042673,Sema,30,25,5,6,1,5,0,0,0,0,0,0,24,24,0,22,20,2,3,1,2,0,0,0,0,0,0,19,19,0,8,5,3,3,0,3,0,0,0,0,0,0,5,5,0
0018,042674,Subhani Sumari,32,32,0,0,0,0,0,0,0,2,2,0,30,30,0,1,1,0,0,0,0,0,0,0,0,0,0,1,1,0,31,31,0,0,0,0,0,0,0,2,2,0,29,29,0
0018,042675,Lekh Lawari,8,6,2,0,0,0,0,0,0,0,0,0,8,6,2,6,5,1,0,0,0,0,0,0,0,0,0,6,5,1,2,1,1,0,0,0,0,0,0,0,0,0,2,1,1
0018,042676,Hariyali,42,19,23,41,18,23,0,0,0,0,0,0,1,1,0,22,10,12,21,9,12,0,0,0,0,0,0,1,1,0,20,9,11,20,9,11,0,0,0,0,0,0,0,0,0
0018,042677,Dangi,109,33,76,109,33,76,0,0,0,0,0,0,0,0,0,52,13,39,52,13,39,0,0,0,0,0,0,0,0,0,57,20,37,57,20,37,0,0,0,0,0,0,0,0,0
0018,042678,Jakholi Talli,20,6,14,20,6,14,0,0,0,0,0,0,0,0,0,8,2,6,8,2,6,0,0,0,0,0,0,0,0,0,12,4,8,12,4,8,0,0,0,0,0,0,0,0,0
0018,042679,Doma Jakhal,2,0,2,2,0,2,0,0,0,0,0,0,0,0,0,2,0,2,2,0,2,0,0,0,0,0,0,0,0,0,0,0,0,0,0,0,0,0,0,0,0,0,0,0,0
0018,042680,Srikot,13,9,4,8,5,3,2,1,1,0,0,0,3,3,0,12,8,4,7,4,3,2,1,1,0,0,0,3,3,0,1,1,0,1,1,0,0,0,0,0,0,0,0,0,0
0018,042681,Udiyan Gaon,1,1,0,1,1,0,0,0,0,0,0,0,0,0,0,1,1,0,1,1,0,0,0,0,0,0,0,0,0,0,0,0,0,0,0,0,0,0,0,0,0,0,0,0,0
0018,042682,Kot,0,0,0,0,0,0,0,0,0,0,0,0,0,0,0,0,0,0,0,0,0,0,0,0,0,0,0,0,0,0,0,0,0,0,0,0,0,0,0,0,0,0,0,0,0
0018,042683,Dhariyana,0,0,0,0,0,0,0,0,0,0,0,0,0,0,0,0,0,0,0,0,0,0,0,0,0,0,0,0,0,0,0,0,0,0,0,0,0,0,0,0,0,0,0,0,0
0018,042684,Jakholi Malli,54,12,42,53,12,41,0,0,0,0,0,0,1,0,1,26,2,24,25,2,23,0,0,0,0,0,0,1,0,1,28,10,18,28,10,18,0,0,0,0,0,0,0,0,0
0018,042685,Naouli,93,20,73,93,20,73,0,0,0,0,0,0,0,0,0,50,13,37,50,13,37,0,0,0,0,0,0,0,0,0,43,7,36,43,7,36,0,0,0,0,0,0,0,0,0
0018,042686,Sil Gaon,7,6,1,6,5,1,0,0,0,0,0,0,1,1,0,6,5,1,5,4,1,0,0,0,0,0,0,1,1,0,1,1,0,1,1,0,0,0,0,0,0,0,0,0,0
0018,042687,Kwila,31,5,26,29,4,25,0,0,0,0,0,0,2,1,1,14,4,10,12,3,9,0,0,0,0,0,0,2,1,1,17,1,16,17,1,16,0,0,0,0,0,0,0,0,0
0018,042688,Kanda,0,0,0,0,0,0,0,0,0,0,0,0,0,0,0,0,0,0,0,0,0,0,0,0,0,0,0,0,0,0,0,0,0,0,0,0,0,0,0,0,0,0,0,0,0
0018,042689,Pingari,4,2,2,4,2,2,0,0,0,0,0,0,0,0,0,4,2,2,4,2,2,0,0,0,0,0,0,0,0,0,0,0,0,0,0,0,0,0,0,0,0,0,0,0,0
0018,042690,Ratanpur,18,6,12,15,4,11,0,0,0,0,0,0,3,2,1,16,6,10,13,4,9,0,0,0,0,0,0,3,2,1,2,0,2,2,0,2,0,0,0,0,0,0,0,0,0
0018,042691,Ghegar,45,25,20,44,24,20,0,0,0,0,0,0,1,1,0,21,13,8,21,13,8,0,0,0,0,0,0,0,0,0,24,12,12,23,11,12,0,0,0,0,0,0,1,1,0
0018,042692,Medanpur,10,6,4,10,6,4,0,0,0,0,0,0,0,0,0,10,6,4,10,6,4,0,0,0,0,0,0,0,0,0,0,0,0,0,0,0,0,0,0,0,0,0,0,0,0
0018,042693,Mawan Gaon,47,22,25,40,18,22,0,0,0,0,0,0,7,4,3,27,17,10,21,13,8,0,0,0,0,0,0,6,4,2,20,5,15,19,5,14,0,0,0,0,0,0,1,0,1
0018,042694,Barsari,4,2,2,2,1,1,0,0,0,0,0,0,2,1,1,1,1,0,0,0,0,0,0,0,0,0,0,1,1,0,3,1,2,2,1,1,0,0,0,0,0,0,1,0,1
0018,042695,Talla,86,77,9,4,1,3,0,0,0,3,2,1,79,74,5,31,27,4,1,1,0,0,0,0,1,0,1,29,26,3,55,50,5,3,0,3,0,0,0,2,2,0,50,48,2
0018,042696,Jakhatoli,311,88,223,303,84,219,2,0,2,0,0,0,6,4,2,296,84,212,288,80,208,2,0,2,0,0,0,6,4,2,15,4,11,15,4,11,0,0,0,0,0,0,0,0,0
0018,042697,Tat,165,28,137,164,27,137,0,0,0,0,0,0,1,1,0,104,20,84,103,19,84,0,0,0,0,0,0,1,1,0,61,8,53,61,8,53,0,0,0,0,0,0,0,0,0
0018,042698,Dhankuri,44,20,24,44,20,24,0,0,0,0,0,0,0,0,0,44,20,24,44,20,24,0,0,0,0,0,0,0,0,0,0,0,0,0,0,0,0,0,0,0,0,0,0,0,0
0018,042699,Musa Dung,6,4,2,3,1,2,0,0,0,0,0,0,3,3,0,6,4,2,3,1,2,0,0,0,0,0,0,3,3,0,0,0,0,0,0,0,0,0,0,0,0,0,0,0,0
0018,042700,Pali,1,0,1,1,0,1,0,0,0,0,0,0,0,0,0,1,0,1,1,0,1,0,0,0,0,0,0,0,0,0,0,0,0,0,0,0,0,0,0,0,0,0,0,0,0
0018,042701,Jaili,37,12,25,32,7,25,0,0,0,3,3,0,2,2,0,31,10,21,27,6,21,0,0,0,3,3,0,1,1,0,6,2,4,5,1,4,0,0,0,0,0,0,1,1,0
0018,042702,Kandali,0,0,0,0,0,0,0,0,0,0,0,0,0,0,0,0,0,0,0,0,0,0,0,0,0,0,0,0,0,0,0,0,0,0,0,0,0,0,0,0,0,0,0,0,0
0018,042703,Bhimali,3,2,1,0,0,0,1,0,1,0,0,0,2,2,0,3,2,1,0,0,0,1,0,1,0,0,0,2,2,0,0,0,0,0,0,0,0,0,0,0,0,0,0,0,0
0018,042704,Sisau,223,94,129,223,94,129,0,0,0,0,0,0,0,0,0,223,94,129,223,94,129,0,0,0,0,0,0,0,0,0,0,0,0,0,0,0,0,0,0,0,0,0,0,0,0
0018,042705,Mar Gaon,97,34,63,71,33,38,0,0,0,0,0,0,26,1,25,80,34,46,62,33,29,0,0,0,0,0,0,18,1,17,17,0,17,9,0,9,0,0,0,0,0,0,8,0,8
0018,042706,Kumari,55,16,39,50,12,38,0,0,0,1,0,1,4,4,0,52,14,38,47,10,37,0,0,0,1,0,1,4,4,0,3,2,1,3,2,1,0,0,0,0,0,0,0,0,0
0018,042707,Phalati,35,10,25,33,9,24,0,0,0,0,0,0,2,1,1,10,6,4,9,5,4,0,0,0,0,0,0,1,1,0,25,4,21,24,4,20,0,0,0,0,0,0,1,0,1
0018,042708,Chaka,68,34,34,49,18,31,0,0,0,0,0,0,19,16,3,64,33,31,48,18,30,0,0,0,0,0,0,16,15,1,4,1,3,1,0,1,0,0,0,0,0,0,3,1,2
0018,042709,Dhariyaj,7,5,2,2,0,2,0,0,0,0,0,0,5,5,0,4,4,0,0,0,0,0,0,0,0,0,0,4,4,0,3,1,2,2,0,2,0,0,0,0,0,0,1,1,0
0018,042710,Kirora Talla,3,3,0,2,2,0,1,1,0,0,0,0,0,0,0,3,3,0,2,2,0,1,1,0,0,0,0,0,0,0,0,0,0,0,0,0,0,0,0,0,0,0,0,0,0
0018,042711,Kirora Malla,3,1,2,2,0,2,0,0,0,0,0,0,1,1,0,3,1,2,2,0,2,0,0,0,0,0,0,1,1,0,0,0,0,0,0,0,0,0,0,0,0,0,0,0,0
0018,042712,Utarsu,208,53,155,193,44,149,0,0,0,4,4,0,11,5,6,169,41,128,160,37,123,0,0,0,0,0,0,9,4,5,39,12,27,33,7,26,0,0,0,4,4,0,2,1,1
0018,042713,Marora,0,0,0,0,0,0,0,0,0,0,0,0,0,0,0,0,0,0,0,0,0,0,0,0,0,0,0,0,0,0,0,0,0,0,0,0,0,0,0,0,0,0,0,0,0
0018,042714,Sem,21,18,3,3,2,1,1,1,0,0,0,0,17,15,2,17,15,2,2,2,0,0,0,0,0,0,0,15,13,2,4,3,1,1,0,1,1,1,0,0,0,0,2,2,0
0018,042715,Thati,80,34,46,67,26,41,2,1,1,0,0,0,11,7,4,71,30,41,61,24,37,2,1,1,0,0,0,8,5,3,9,4,5,6,2,4,0,0,0,0,0,0,3,2,1
0018,042716,Munnadewal,147,42,105,90,4,86,52,35,17,0,0,0,5,3,2,134,41,93,81,4,77,48,34,14,0,0,0,5,3,2,13,1,12,9,0,9,4,1,3,0,0,0,0,0,0
0018,042717,Jakholi,477,208,269,470,203,267,1,1,0,0,0,0,6,4,2,376,156,220,369,151,218,1,1,0,0,0,0,6,4,2,101,52,49,101,52,49,0,0,0,0,0,0,0,0,0
0018,042718,Dangwal Gaon,2,1,1,2,1,1,0,0,0,0,0,0,0,0,0,2,1,1,2,1,1,0,0,0,0,0,0,0,0,0,0,0,0,0,0,0,0,0,0,0,0,0,0,0,0
0018,042719,Ghanat Gaon,3,2,1,2,1,1,0,0,0,0,0,0,1,1,0,3,2,1,2,1,1,0,0,0,0,0,0,1,1,0,0,0,0,0,0,0,0,0,0,0,0,0,0,0,0
0018,042720,Koti,47,7,40,41,3,38,1,1,0,0,0,0,5,3,2,47,7,40,41,3,38,1,1,0,0,0,0,5,3,2,0,0,0,0,0,0,0,0,0,0,0,0,0,0,0
0018,042721,Dovalya,36,7,29,34,5,29,0,0,0,0,0,0,2,2,0,36,7,29,34,5,29,0,0,0,0,0,0,2,2,0,0,0,0,0,0,0,0,0,0,0,0,0,0,0,0
0018,042722,Basta,296,104,192,286,99,187,7,3,4,0,0,0,3,2,1,171,69,102,165,65,100,3,2,1,0,0,0,3,2,1,125,35,90,121,34,87,4,1,3,0,0,0,0,0,0
0018,042723,Dobh,2,1,1,2,1,1,0,0,0,0,0,0,0,0,0,2,1,1,2,1,1,0,0,0,0,0,0,0,0,0,0,0,0,0,0,0,0,0,0,0,0,0,0,0,0
0018,042724,Kuri Aduli,37,27,10,17,12,5,2,0,2,0,0,0,18,15,3,34,26,8,16,12,4,2,0,2,0,0,0,16,14,2,3,1,2,1,0,1,0,0,0,0,0,0,2,1,1
0018,042725,Lukhundri,15,6,9,13,5,8,0,0,0,0,0,0,2,1,1,15,6,9,13,5,8,0,0,0,0,0,0,2,1,1,0,0,0,0,0,0,0,0,0,0,0,0,0,0,0
0018,042726,Jakhanyal Gaon,5,5,0,0,0,0,0,0,0,0,0,0,5,5,0,5,5,0,0,0,0,0,0,0,0,0,0,5,5,0,0,0,0,0,0,0,0,0,0,0,0,0,0,0,0
0018,042727,Gair Sera,0,0,0,0,0,0,0,0,0,0,0,0,0,0,0,0,0,0,0,0,0,0,0,0,0,0,0,0,0,0,0,0,0,0,0,0,0,0,0,0,0,0,0,0,0
0018,042728,Patiyon,5,4,1,0,0,0,0,0,0,0,0,0,5,4,1,4,4,0,0,0,0,0,0,0,0,0,0,4,4,0,1,0,1,0,0,0,0,0,0,0,0,0,1,0,1
0018,042729,Khor,3,3,0,1,1,0,0,0,0,0,0,0,2,2,0,0,0,0,0,0,0,0,0,0,0,0,0,0,0,0,3,3,0,1,1,0,0,0,0,0,0,0,2,2,0
0018,042730,Dangi,27,17,10,2,2,0,9,9,0,0,0,0,16,6,10,23,14,9,1,1,0,7,7,0,0,0,0,15,6,9,4,3,1,1,1,0,2,2,0,0,0,0,1,0,1
0018,042731,Bag Seer,163,22,141,160,21,139,0,0,0,0,0,0,3,1,2,163,22,141,160,21,139,0,0,0,0,0,0,3,1,2,0,0,0,0,0,0,0,0,0,0,0,0,0,0,0
0018,042732,Bhunal Gaon,1,0,1,1,0,1,0,0,0,0,0,0,0,0,0,1,0,1,1,0,1,0,0,0,0,0,0,0,0,0,0,0,0,0,0,0,0,0,0,0,0,0,0,0,0
0018,042733,Mathya Gaon,28,13,15,23,11,12,0,0,0,0,0,0,5,2,3,26,11,15,21,9,12,0,0,0,0,0,0,5,2,3,2,2,0,2,2,0,0,0,0,0,0,0,0,0,0
0018,042734,Uchhola,106,34,72,105,34,71,0,0,0,0,0,0,1,0,1,106,34,72,105,34,71,0,0,0,0,0,0,1,0,1,0,0,0,0,0,0,0,0,0,0,0,0,0,0,0
0018,042735,Syur,25,23,2,5,4,1,0,0,0,0,0,0,20,19,1,25,23,2,5,4,1,0,0,0,0,0,0,20,19,1,0,0,0,0,0,0,0,0,0,0,0,0,0,0,0
0018,042736,Kimana,11,7,4,5,3,2,1,1,0,1,0,1,4,3,1,10,6,4,5,3,2,1,1,0,1,0,1,3,2,1,1,1,0,0,0,0,0,0,0,0,0,0,1,1,0
0018,042737,Dankot,30,10,20,4,2,2,15,4,11,8,1,7,3,3,0,24,7,17,3,1,2,10,2,8,8,1,7,3,3,0,6,3,3,1,1,0,5,2,3,0,0,0,0,0,0
0018,042738,Arkhund,134,88,46,124,78,46,0,0,0,0,0,0,10,10,0,130,86,44,120,76,44,0,0,0,0,0,0,10,10,0,4,2,2,4,2,2,0,0,0,0,0,0,0,0,0
0018,042739,Rayari,0,0,0,0,0,0,0,0,0,0,0,0,0,0,0,0,0,0,0,0,0,0,0,0,0,0,0,0,0,0,0,0,0,0,0,0,0,0,0,0,0,0,0,0,0
0018,042740,Thapala,0,0,0,0,0,0,0,0,0,0,0,0,0,0,0,0,0,0,0,0,0,0,0,0,0,0,0,0,0,0,0,0,0,0,0,0,0,0,0,0,0,0,0,0,0
